kitchen,brand,gmv
01 DOCTORES,Mr Beast Burger Turbo,4199
01 DOCTORES,Honest Food Turbo,2717
01 DOCTORES,AVOCALIA TURBO,2462
01 DOCTORES,Green House Turbo,1849
01 DOCTORES,Fonda Local turbo,1469
01 DOCTORES,La Panquequería Turbo,1376
01 DOCTORES,The Egg Spot Turbo,1359
01 DOCTORES,Chemaquiles Turbo,1297
01 DOCTORES,Órale Desayunos Turbo,963
01 DOCTORES,House of Salads Turbo,961
01 DOCTORES,Orale Chilaquiles Turbo,904
01 DOCTORES,The Wrap Company Turbo,868
01 DOCTORES,Tastyfoods turbo,792
01 DOCTORES,BRUNCH & MUNCH TURBO,577
01 DOCTORES,Desayunos de la Abuela Turbo,459
01 DOCTORES,Freshlab Turbo,353
01 DOCTORES,The Breakfast Club Turbo,307
02 SAN ANGEL,BRUNCH & MUNCH TURBO,7839
02 SAN ANGEL,AVOCALIA TURBO,7804
02 SAN ANGEL,La Panquequería Turbo,5207
02 SAN ANGEL,Honest Food Turbo,4503
02 SAN ANGEL,Mr Beast Burger Turbo,4095
02 SAN ANGEL,House of Salads Turbo,3148
02 SAN ANGEL,Órale Desayunos Turbo,3063
02 SAN ANGEL,Green House Turbo,2134
02 SAN ANGEL,Orale Chilaquiles Turbo,2049
02 SAN ANGEL,Cocina Corrida turbo,1956
02 SAN ANGEL,Foodhub Turbo,1405
02 SAN ANGEL,Avocalia Desayunos Turbo,1093
02 SAN ANGEL,The Egg Spot Turbo,1079
02 SAN ANGEL,Fonda Local turbo,638
02 SAN ANGEL,The Breakfast Club Turbo,478
02 SAN ANGEL,Desayunos de la Abuela Turbo,377
02 SAN ANGEL,Tastyfoods turbo,319
02 SAN ANGEL,Mega Greens Turbo (Super Ensaladas Turbo),169
02 SAN ANGEL,Freshlab Turbo,165
02 SAN ANGEL,The Wrap Company Turbo,164
03 POLANCO,BRUNCH & MUNCH TURBO,11902
03 POLANCO,Mr Beast Burger Turbo,9111
03 POLANCO,Honest Food Turbo,8851
03 POLANCO,Órale Desayunos Turbo,8150
03 POLANCO,AVOCALIA TURBO,7722
03 POLANCO,The Egg Spot Turbo,5495
03 POLANCO,Desayunos de la Abuela Turbo,5416
03 POLANCO,La Panquequería Turbo,4529
03 POLANCO,Avocalia Desayunos Turbo,3381
03 POLANCO,Orale Chilaquiles Turbo,3038
03 POLANCO,The Breakfast Club Turbo,2891
03 POLANCO,Fonda Local turbo,2866
03 POLANCO,Green House Turbo,2289
03 POLANCO,Tastyfoods turbo,1850
03 POLANCO,Cocina Corrida turbo,1411
03 POLANCO,Foodhub Turbo,1253
03 POLANCO,Mega Greens Turbo (Super Ensaladas Turbo),1030
03 POLANCO,The Wrap Company Turbo,687
03 POLANCO,House of Salads Turbo,553
03 POLANCO,Eggy By Chef Quintanilla Turbo,215
03 POLANCO,Freshlab Turbo,159
05 COAPA,Mr Beast Burger Turbo,6359
05 COAPA,Honest Food Turbo,3830
05 COAPA,Órale Desayunos Turbo,3371
05 COAPA,Orale Chilaquiles Turbo,2993
05 COAPA,BRUNCH & MUNCH TURBO,2016
05 COAPA,Cocina Corrida turbo,1852
05 COAPA,Green House Turbo,1731
05 COAPA,Foodhub Turbo,1295
05 COAPA,Avocalia Desayunos Turbo,629
05 COAPA,House of Salads Turbo,575
05 COAPA,The Breakfast Club Turbo,333
05 COAPA,La Neta Burger Turbo,244
05 COAPA,La Panquequería Turbo,170
05 COAPA,Tastyfoods turbo,165
05 COAPA,Chemaquiles Turbo,129
09 CHURUBUSCO,Mr Beast Burger Turbo,4348
09 CHURUBUSCO,Órale Desayunos Turbo,2627
09 CHURUBUSCO,Honest Food Turbo,2535
09 CHURUBUSCO,House of Salads Turbo,2238
09 CHURUBUSCO,AVOCALIA TURBO,1807
09 CHURUBUSCO,Tastyfoods turbo,1686
09 CHURUBUSCO,BRUNCH & MUNCH TURBO,1367
09 CHURUBUSCO,Green House Turbo,956
09 CHURUBUSCO,The Breakfast Club Turbo,740
09 CHURUBUSCO,Fonda Local turbo,563
09 CHURUBUSCO,Chemaquiles Turbo,490
09 CHURUBUSCO,The Egg Spot Turbo,414
09 CHURUBUSCO,Foodhub Turbo,179
09 CHURUBUSCO,Mega Greens Turbo (Super Ensaladas Turbo),175
09 CHURUBUSCO,La Neta Burger Turbo,158
10 SAN JERONIMO,Mr Beast Burger Turbo,6432
10 SAN JERONIMO,Órale Desayunos Turbo,5663
10 SAN JERONIMO,Desayunos de la Abuela Turbo,3378
10 SAN JERONIMO,Honest Food Turbo,3188
10 SAN JERONIMO,BRUNCH & MUNCH TURBO,2628
10 SAN JERONIMO,AVOCALIA TURBO,2327
10 SAN JERONIMO,Cocina Corrida turbo,1966
10 SAN JERONIMO,La Panquequería Turbo,1213
10 SAN JERONIMO,The Breakfast Club Turbo,1181
10 SAN JERONIMO,Foodhub Turbo,1170
10 SAN JERONIMO,Chemaquiles Turbo,1100
10 SAN JERONIMO,Tastyfoods turbo,968
10 SAN JERONIMO,Avocalia Desayunos Turbo,852
10 SAN JERONIMO,The Egg Spot Turbo,497
10 SAN JERONIMO,Pozorale Turbo,384
10 SAN JERONIMO,Mega Greens Turbo (Super Ensaladas Turbo),344
10 SAN JERONIMO,Fonda Local turbo,225
10 SAN JERONIMO,House of Salads Turbo,169
12 DEL VALLE,Honest Food Turbo,3136
12 DEL VALLE,Mr Beast Burger Turbo,3069
12 DEL VALLE,Desayunos de la Abuela Turbo,2561
12 DEL VALLE,Fonda Local turbo,1806
12 DEL VALLE,Orale Chilaquiles Turbo,1801
12 DEL VALLE,AVOCALIA TURBO,1483
12 DEL VALLE,The Breakfast Club Turbo,1088
12 DEL VALLE,House of Salads Turbo,923
12 DEL VALLE,Green House Turbo,921
12 DEL VALLE,BRUNCH & MUNCH TURBO,851
12 DEL VALLE,The Egg Spot Turbo,817
12 DEL VALLE,Tastyfoods turbo,594
12 DEL VALLE,Chemaquiles Turbo,583
12 DEL VALLE,Cocina Corrida turbo,516
12 DEL VALLE,Foodhub Turbo,294
12 DEL VALLE,Mega Greens Turbo (Super Ensaladas Turbo),194
12 DEL VALLE,La Panquequería Turbo,159
13 TEC,Órale Desayunos Turbo,3225
13 TEC,Fonda Local turbo,1632
13 TEC,The Breakfast Club Turbo,1555
13 TEC,Orale Chilaquiles Turbo,1523
13 TEC,Green House Turbo,1481
13 TEC,Desayunos de la Abuela Turbo,1432
13 TEC,BRUNCH & MUNCH TURBO,1402
13 TEC,Honest Food Turbo,1178
13 TEC,Foodhub Turbo,1141
13 TEC,AVOCALIA TURBO,1003
13 TEC,La Panquequería Turbo,857
13 TEC,The Egg Spot Turbo,509
13 TEC,Mr Beast Burger Turbo,478
13 TEC,Cocina Corrida turbo,265
13 TEC,House of Salads Turbo,199
13 TEC,Pozorale Turbo,169
13 TEC,Tastyfoods turbo,165
13 TEC,Freshlab Turbo,149
14 JARDINES,Mr Beast Burger Turbo,5690
14 JARDINES,Honest Food Turbo,4443
14 JARDINES,BRUNCH & MUNCH TURBO,3512
14 JARDINES,La Panquequería Turbo,2991
14 JARDINES,AVOCALIA TURBO,2671
14 JARDINES,Desayunos de la Abuela Turbo,1630
14 JARDINES,Órale Desayunos Turbo,1394
14 JARDINES,Chemaquiles Turbo,1154
14 JARDINES,Foodhub Turbo,824
14 JARDINES,Green House Turbo,726
14 JARDINES,Pozorale Turbo,667
14 JARDINES,Cocina Corrida turbo,617
14 JARDINES,Fonda Local turbo,602
14 JARDINES,The Wrap Company Turbo,513
14 JARDINES,The Egg Spot Turbo,503
14 JARDINES,Eggy By Chef Quintanilla Turbo,477
14 JARDINES,Mega Greens Turbo (Super Ensaladas Turbo),255
15 LINDAVISTA,Mr Beast Burger Turbo,4156
15 LINDAVISTA,Cocina Corrida turbo,1818
15 LINDAVISTA,The Breakfast Club Turbo,713
15 LINDAVISTA,Green House Turbo,663
15 LINDAVISTA,BRUNCH & MUNCH TURBO,489
15 LINDAVISTA,Avocalia Desayunos Turbo,460
15 LINDAVISTA,Orale Chilaquiles Turbo,392
15 LINDAVISTA,Chemaquiles Turbo,310
15 LINDAVISTA,Honest Food Turbo,179
15 LINDAVISTA,Órale Desayunos Turbo,175
15 LINDAVISTA,Fonda Local turbo,169
15 LINDAVISTA,The Egg Spot Turbo,108
19 LA CALMA,Mr Beast Burger Turbo,5471
19 LA CALMA,Honest Food Turbo,3996
19 LA CALMA,AVOCALIA TURBO,3790
19 LA CALMA,BRUNCH & MUNCH TURBO,3333
19 LA CALMA,Órale Desayunos Turbo,1627
19 LA CALMA,Fonda Local turbo,1370
19 LA CALMA,Green House Turbo,1324
19 LA CALMA,House of Salads Turbo,1072
19 LA CALMA,Desayunos de la Abuela Turbo,1064
19 LA CALMA,La Panquequería Turbo,1052
19 LA CALMA,Orale Chilaquiles Turbo,813
19 LA CALMA,Tastyfoods turbo,796
19 LA CALMA,Chemaquiles Turbo,675
19 LA CALMA,The Breakfast Club Turbo,585
19 LA CALMA,The Egg Spot Turbo,514
19 LA CALMA,Foodhub Turbo,384
19 LA CALMA,Mega Greens Turbo (Super Ensaladas Turbo),175
21 SANTA TERESITA,AVOCALIA TURBO,7026
21 SANTA TERESITA,Honest Food Turbo,5996
21 SANTA TERESITA,Fonda Local turbo,2299
21 SANTA TERESITA,Mr Beast Burger Turbo,2198
21 SANTA TERESITA,Orale Chilaquiles Turbo,2100
21 SANTA TERESITA,The Egg Spot Turbo,1796
21 SANTA TERESITA,Green House Turbo,1633
21 SANTA TERESITA,Cocina Corrida turbo,1494
21 SANTA TERESITA,BRUNCH & MUNCH TURBO,1482
21 SANTA TERESITA,Chemaquiles Turbo,1363
21 SANTA TERESITA,La Panquequería Turbo,1327
21 SANTA TERESITA,Tastyfoods turbo,1194
21 SANTA TERESITA,House of Salads Turbo,1126
21 SANTA TERESITA,Órale Desayunos Turbo,954
21 SANTA TERESITA,Eggy By Chef Quintanilla Turbo,518
21 SANTA TERESITA,Mega Greens Turbo (Super Ensaladas Turbo),455
21 SANTA TERESITA,Foodhub Turbo,229
21 SANTA TERESITA,La Neta Burger Turbo,225
21 SANTA TERESITA,The Wrap Company Turbo,168
23 SANTA CATARINA,Honest Food Turbo,1137
23 SANTA CATARINA,Orale Chilaquiles Turbo,968
23 SANTA CATARINA,Órale Desayunos Turbo,495
23 SANTA CATARINA,Mr Beast Burger Turbo,477
23 SANTA CATARINA,House of Salads Turbo,440
23 SANTA CATARINA,Foodhub Turbo,305
23 SANTA CATARINA,AVOCALIA TURBO,294
23 SANTA CATARINA,La Neta Burger Turbo,254
23 SANTA CATARINA,Eggy By Chef Quintanilla Turbo,224
23 SANTA CATARINA,BRUNCH & MUNCH TURBO,199
25 TABACHINES,Mr Beast Burger Turbo,3937
25 TABACHINES,Honest Food Turbo,3410
25 TABACHINES,La Panquequería Turbo,2600
25 TABACHINES,Green House Turbo,1489
25 TABACHINES,AVOCALIA TURBO,1377
25 TABACHINES,Cocina Corrida turbo,1132
25 TABACHINES,BRUNCH & MUNCH TURBO,1110
25 TABACHINES,Órale Desayunos Turbo,1011
25 TABACHINES,The Wrap Company Turbo,929
25 TABACHINES,House of Salads Turbo,881
25 TABACHINES,Fonda Local turbo,676
25 TABACHINES,Tastyfoods turbo,473
25 TABACHINES,Desayunos de la Abuela Turbo,404
25 TABACHINES,Avocalia Desayunos Turbo,368
25 TABACHINES,La Neta Burger Turbo,247
25 TABACHINES,Orale Chilaquiles Turbo,244
25 TABACHINES,The Breakfast Club Turbo,155
26 CIUDAD JUDICIAL,Mr Beast Burger Turbo,1442
26 CIUDAD JUDICIAL,Orale Chilaquiles Turbo,933
26 CIUDAD JUDICIAL,La Panquequería Turbo,808
26 CIUDAD JUDICIAL,Órale Desayunos Turbo,782
26 CIUDAD JUDICIAL,Honest Food Turbo,189
26 CIUDAD JUDICIAL,BRUNCH & MUNCH TURBO,174
30 LINCOLN,Orale Chilaquiles Turbo,4452
30 LINCOLN,Mr Beast Burger Turbo,3783
30 LINCOLN,Honest Food Turbo,2441
30 LINCOLN,AVOCALIA TURBO,1733
30 LINCOLN,Green House Turbo,1539
30 LINCOLN,Desayunos de la Abuela Turbo,1139
30 LINCOLN,Chemaquiles Turbo,1130
30 LINCOLN,Cocina Corrida turbo,1041
30 LINCOLN,Fonda Local turbo,1036
30 LINCOLN,BRUNCH & MUNCH TURBO,1013
30 LINCOLN,Órale Desayunos Turbo,902
30 LINCOLN,The Egg Spot Turbo,724
30 LINCOLN,La Panquequería Turbo,690
30 LINCOLN,Pozorale Turbo,465
30 LINCOLN,Mega Greens Turbo (Super Ensaladas Turbo),360
30 LINCOLN,The Wrap Company Turbo,229
30 LINCOLN,Tastyfoods turbo,209
31 MONTEJO,Mr Beast Burger Turbo,2547
31 MONTEJO,AVOCALIA TURBO,1583
31 MONTEJO,House of Salads Turbo,1256
31 MONTEJO,Cocina Corrida turbo,1163
31 MONTEJO,Honest Food Turbo,1089
31 MONTEJO,Desayunos de la Abuela Turbo,1024
31 MONTEJO,Fonda Local turbo,938
31 MONTEJO,The Egg Spot Turbo,817
31 MONTEJO,BRUNCH & MUNCH TURBO,654
31 MONTEJO,Órale Desayunos Turbo,645
31 MONTEJO,Chemaquiles Turbo,452
34 TLAQUEPAQUE,Mr Beast Burger Turbo,3371
34 TLAQUEPAQUE,BRUNCH & MUNCH TURBO,1762
34 TLAQUEPAQUE,Orale Chilaquiles Turbo,1261
34 TLAQUEPAQUE,Órale Desayunos Turbo,1260
34 TLAQUEPAQUE,Honest Food Turbo,911
34 TLAQUEPAQUE,House of Salads Turbo,699
34 TLAQUEPAQUE,Green House Turbo,583
37 CANEK,Mr Beast Burger Turbo,4242
37 CANEK,Honest Food Turbo,4187
37 CANEK,Cocina Corrida turbo,2485
37 CANEK,Green House Turbo,2434
37 CANEK,BRUNCH & MUNCH TURBO,1812
37 CANEK,Órale Desayunos Turbo,1346
37 CANEK,Orale Chilaquiles Turbo,1152
37 CANEK,Tastyfoods turbo,904
37 CANEK,AVOCALIA TURBO,383
37 CANEK,House of Salads Turbo,319
37 CANEK,Desayunos de la Abuela Turbo,318
37 CANEK,Foodhub Turbo,179
38 SALTILLO CENTRO,Mr Beast Burger Turbo,3214
38 SALTILLO CENTRO,Órale Desayunos Turbo,2284
38 SALTILLO CENTRO,Orale Chilaquiles Turbo,2255
38 SALTILLO CENTRO,Honest Food Turbo,1736
38 SALTILLO CENTRO,AVOCALIA TURBO,1488
38 SALTILLO CENTRO,Foodhub Turbo,1415
38 SALTILLO CENTRO,Cocina Corrida turbo,1220
38 SALTILLO CENTRO,Green House Turbo,868
38 SALTILLO CENTRO,BRUNCH & MUNCH TURBO,638
38 SALTILLO CENTRO,The Wrap Company Turbo,298
38 SALTILLO CENTRO,Fonda Local turbo,235
38 SALTILLO CENTRO,La Panquequería Turbo,215
38 SALTILLO CENTRO,Tastyfoods turbo,175
38 SALTILLO CENTRO,La Neta Burger Turbo,149
38 SALTILLO CENTRO,Chemaquiles Turbo,144
38 SALTILLO CENTRO,Pozorale Turbo,115
39 MONTERREY CENTRO,AVOCALIA TURBO,689
39 MONTERREY CENTRO,Honest Food Turbo,672
39 MONTERREY CENTRO,Orale Chilaquiles Turbo,490
39 MONTERREY CENTRO,Mr Beast Burger Turbo,342
