week_year,city,kitchen,brand_name,orders,gmv_nac
2026-08-10,Medellín,11 MANILA,AVOCALIA TURBO,251,11510000
2026-08-10,Bogotá,50 CHICO,AVOCALIA TURBO,227,10418400
2026-08-10,Medellín,12 LAURELES,AVOCALIA TURBO,171,8922000
2026-08-10,Bogotá,65 CALLE 109,AVOCALIA TURBO,144,5976000
2026-08-10,Medellín,11 MANILA,Burritos & Co Turbo,141,6552100
2026-08-10,Barranquilla,32 BARRANQUILLA,Green House Turbo,139,5127100
2026-08-10,Medellín,11 MANILA,BRUNCH & MUNCH TURBO,127,7813900
2026-08-10,Bogotá,65 CALLE 109,BRUNCH & MUNCH TURBO,116,6813100
2026-08-10,Barranquilla,32 BARRANQUILLA,AVOCALIA TURBO,110,4225900
2026-08-10,Medellín,12 LAURELES,Burritos & Co Turbo,107,4928100
2026-08-10,Bucaramanga,42 CABECERA,Burritos & Co Turbo,107,4478100
2026-08-10,Bucaramanga,42 CABECERA,AVOCALIA TURBO,96,3678300
2026-08-10,Bogotá,03 CHAPINERO,AVOCALIA TURBO,93,4242800
2026-08-10,Bucaramanga,42 CABECERA,La Cuadra Turbo,87,4663200
2026-08-10,Bogotá,08 ANDES,AVOCALIA TURBO,85,3213900
2026-08-10,Bogotá,36 VILLA DEL PRADO,AVOCALIA TURBO,82,3879700
2026-08-10,Bogotá,03 CHAPINERO,Green House Turbo,79,3273800
2026-08-10,Bogotá,02 PARQUE 93,AVOCALIA TURBO,79,3942500
2026-08-10,Bogotá,50 CHICO,BRUNCH & MUNCH TURBO,78,4297800
2026-08-10,Medellín,11 MANILA,Desayunos de la Abuela Turbo,74,4099600
2026-08-10,Bogotá,01 USAQUEN,AVOCALIA TURBO,73,3585300
2026-08-10,Bogotá,69 ARRECIFE,AVOCALIA TURBO,73,3087100
2026-08-10,Medellín,12 LAURELES,Green House Turbo,71,2840200
2026-08-10,Bogotá,06 COLINA,Burritos & Co Turbo,70,3905800
2026-08-10,Bogotá,65 CALLE 109,Green House Turbo,69,2684700
2026-08-10,Bogotá,03 CHAPINERO,BRUNCH & MUNCH TURBO,67,3384400
2026-08-10,Medellín,11 MANILA,Cinnabon Turbo,66,2230400
2026-08-10,Bogotá,65 CALLE 109,Ñamgucheria Turbo,66,3201900
2026-08-10,Medellín,11 MANILA,La Cuadra Turbo,62,3828800
2026-08-10,Bogotá,36 VILLA DEL PRADO,Burritos & Co Turbo,61,3598500
2026-08-10,Bogotá,03 CHAPINERO,Burritos & Co Turbo,61,3154200
2026-08-10,Bogotá,08 ANDES,Burritos & Co Turbo,59,2598200
2026-08-10,Bogotá,02 PARQUE 93,Burritos & Co Turbo,58,2898300
2026-08-10,Bogotá,65 CALLE 109,Burritos & Co Turbo,57,3126200
2026-08-10,Bogotá,69 ARRECIFE,Mr Beast Burger Turbo,54,2694300
2026-08-10,Bogotá,71 CEDRITOS,Green House Turbo,54,2132600
2026-08-10,Medellín,12 LAURELES,BRUNCH & MUNCH TURBO,52,2803200
2026-08-10,Bogotá,71 CEDRITOS,Ñamgucheria Turbo,52,2626600
2026-08-10,Bogotá,65 CALLE 109,La Cuadra Turbo,52,2961900
2026-08-10,Medellín,11 MANILA,The Breakfast Club Turbo,52,3153600
2026-08-10,Bogotá,06 COLINA,AVOCALIA TURBO,50,2062800
2026-08-10,Bogotá,08 ANDES,La Cuadra Turbo,50,2955300
2026-08-10,Bogotá,71 CEDRITOS,AVOCALIA TURBO,50,2439500
2026-08-10,Barranquilla,32 BARRANQUILLA,Burritos & Co Turbo,50,2227700
2026-08-10,Medellín,12 LAURELES,The Breakfast Club Turbo,49,2702100
2026-08-10,Bogotá,08 ANDES,BRUNCH & MUNCH TURBO,48,2379500
2026-08-10,Bogotá,36 VILLA DEL PRADO,Mr Beast Burger Turbo,47,2562700
2026-08-10,Bogotá,38 KENNEDY,AVOCALIA TURBO,47,2341400
2026-08-10,Medellín,11 MANILA,Honest Food Turbo,47,2251800
2026-08-10,Barranquilla,32 BARRANQUILLA,La Cuadra Turbo,47,3421100
2026-08-10,Medellín,12 LAURELES,Desayunos de la Abuela Turbo,46,2330400
2026-08-10,Medellín,11 MANILA,Monteverde Turbo,46,1888400
2026-08-10,Bogotá,61 CHICO CINNABON,cinnabon pase turbo,46,1780000
2026-08-10,Bogotá,02 PARQUE 93,Green House Turbo,46,2300400
2026-08-10,Cali,24 SAN FERNANDO,La Cuadra Turbo,46,3779600
2026-08-10,Bogotá,38 KENNEDY,Burritos & Co Turbo,45,2801100
2026-08-10,Medellín,12 LAURELES,Cinnabon Turbo,43,1420600
2026-08-10,Bogotá,38 KENNEDY,Mr Beast Burger Turbo,42,2336000
2026-08-10,Bogotá,65 CALLE 109,Cinnabon Turbo,42,1430700
2026-08-10,Medellín,12 LAURELES,Mr Beast Burger Turbo,42,1991000
2026-08-10,Bogotá,01 USAQUEN,Green House Turbo,39,1784200
2026-08-10,Bogotá,01 USAQUEN,Ñamgucheria Turbo,39,2247400
2026-08-10,Bucaramanga,42 CABECERA,Green House Turbo,38,1309000
2026-08-10,Bogotá,65 CALLE 109,The Breakfast Club Turbo,38,1806600
2026-08-10,Cartagena,33 CARTAGENA,AVOCALIA TURBO,38,1660100
2026-08-10,Medellín,12 LAURELES,La Cuadra Turbo,37,2358300
2026-08-10,Bogotá,71 CEDRITOS,BRUNCH & MUNCH TURBO,37,1781500
2026-08-10,Bogotá,69 ARRECIFE,La Cuadra Turbo,37,2182600
2026-08-10,Bogotá,65 CALLE 109,Desayunos de la Abuela Turbo,36,2274000
2026-08-10,Bogotá,36 VILLA DEL PRADO,Green House Turbo,36,1539400
2026-08-10,Bogotá,03 CHAPINERO,The Breakfast Club Turbo,36,1873900
2026-08-10,Bogotá,01 USAQUEN,BRUNCH & MUNCH TURBO,34,1793400
2026-08-10,Cartagena,33 CARTAGENA,Green House Turbo,34,1384600
2026-08-10,Barranquilla,32 BARRANQUILLA,Cinnabon Turbo,33,1008600
2026-08-10,Bogotá,65 CALLE 109,Monteverde Turbo,33,1163300
2026-08-10,Bogotá,01 USAQUEN,La Cuadra Turbo,32,1725700
2026-08-10,Bogotá,06 COLINA,Mr Beast Burger Turbo,32,1770900
2026-08-10,Cali,22 SANTA MONICA,AVOCALIA TURBO,32,1796600
2026-08-10,Medellín,12 LAURELES,Monteverde Turbo,30,1126800
2026-08-10,Bogotá,36 VILLA DEL PRADO,Honest Food Turbo,30,1490300
2026-08-10,Medellín,12 LAURELES,Honest Food Turbo,30,1329000
2026-08-10,Cali,46 INGENIO,Burritos & Co Turbo,30,1653100
2026-08-10,Medellín,12 LAURELES,House of Salads Turbo,29,1294100
2026-08-10,Bogotá,36 VILLA DEL PRADO,Cinnabon Turbo,29,864400
2026-08-10,Bogotá,02 PARQUE 93,Honest Food Turbo,29,1210600
2026-08-10,Bogotá,03 CHAPINERO,Ñamgucheria Turbo,29,1344900
2026-08-10,Bogotá,03 CHAPINERO,Desayunos de la Abuela Turbo,29,1542200
2026-08-10,Cali,46 INGENIO,AVOCALIA TURBO,28,1425900
2026-08-10,Medellín,11 MANILA,Ñamgucheria Turbo,28,1258200
2026-08-10,Bogotá,03 CHAPINERO,Monteverde Turbo,28,1032400
2026-08-10,Bogotá,69 ARRECIFE,Green House Turbo,27,1284700
2026-08-10,Bogotá,03 CHAPINERO,Honest Food Turbo,27,1106100
2026-08-10,Barranquilla,32 BARRANQUILLA,The Breakfast Club Turbo,27,1355900
2026-08-10,Bogotá,36 VILLA DEL PRADO,Ñamgucheria Turbo,27,1722000
2026-08-10,Barranquilla,32 BARRANQUILLA,Desayunos de la Abuela Turbo,26,1256200
2026-08-10,Barranquilla,32 BARRANQUILLA,BRUNCH & MUNCH TURBO,26,1183200
2026-08-10,Bogotá,02 PARQUE 93,Mr Beast Burger Turbo,26,1469200
2026-08-10,Bucaramanga,42 CABECERA,BRUNCH & MUNCH TURBO,26,1260800
2026-08-10,Bogotá,06 COLINA,Honest Food Turbo,25,1141800
2026-08-10,Bogotá,03 CHAPINERO,Cinnabon Turbo,25,692600
2026-08-10,Bogotá,71 CEDRITOS,Burritos & Co Turbo,25,1491800
2026-08-10,Medellín,12 LAURELES,Ñamgucheria Turbo,25,1044600
2026-08-10,Bogotá,01 USAQUEN,Cinnabon Turbo,25,1078700
2026-08-10,Bogotá,08 ANDES,Mr Beast Burger Turbo,24,1126900
2026-08-10,Bogotá,71 CEDRITOS,La Cuadra Turbo,24,1776700
2026-08-10,Bogotá,65 CALLE 109,Mr Beast Burger Turbo,24,1388200
2026-08-10,Bogotá,08 ANDES,Ñamgucheria Turbo,24,1090400
2026-08-10,Cali,24 SAN FERNANDO,Green House Turbo,24,1001000
2026-08-10,Bogotá,36 VILLA DEL PRADO,Monteverde Turbo,23,932900
2026-08-10,Cali,24 SAN FERNANDO,Burritos & Co Turbo,23,1366100
2026-08-10,Bucaramanga,42 CABECERA,Ñamgucheria Turbo,23,967800
2026-08-10,Bogotá,65 CALLE 109,Honest Food Turbo,23,1099000
2026-08-10,Bogotá,03 CHAPINERO,La Cuadra Turbo,23,1247900
2026-08-10,Cali,24 SAN FERNANDO,AVOCALIA TURBO,22,1238000
2026-08-10,Barranquilla,32 BARRANQUILLA,Monteverde Turbo,21,708800
2026-08-10,Bogotá,06 COLINA,Cinnabon Turbo,21,677500
2026-08-10,Bogotá,02 PARQUE 93,La Cuadra Turbo,21,1087500
2026-08-10,Bogotá,36 VILLA DEL PRADO,The Breakfast Club Turbo,21,1097700
2026-08-10,Bogotá,06 COLINA,The Breakfast Club Turbo,21,1297600
2026-08-10,Bucaramanga,42 CABECERA,The Breakfast Club Turbo,21,1024200
2026-08-10,Bogotá,06 COLINA,Monteverde Turbo,20,770600
2026-08-10,Bogotá,38 KENNEDY,Ñamgucheria Turbo,20,1161600
2026-08-10,Cali,22 SANTA MONICA,La Cuadra Turbo,20,1136700
2026-08-10,Bogotá,50 CHICO,Desayunos de la Abuela Turbo,20,1125400
2026-08-10,Bogotá,50 CHICO,The Breakfast Club Turbo,19,1088000
2026-08-10,Barranquilla,32 BARRANQUILLA,Honest Food Turbo,19,704900
2026-08-10,Bogotá,38 KENNEDY,Green House Turbo,19,848600
2026-08-10,Bogotá,36 VILLA DEL PRADO,La Cuadra Turbo,19,1172200
2026-08-10,Bogotá,71 CEDRITOS,Desayunos de la Abuela Turbo,19,1260900
2026-08-10,Cartagena,33 CARTAGENA,Burritos & Co Turbo,19,1041700
2026-08-10,Medellín,11 MANILA,Desgranados & Co Turbo,19,1007100
2026-08-10,Barranquilla,32 BARRANQUILLA,Mr Beast Burger Turbo,18,952800
2026-08-10,Bogotá,65 CALLE 109,The Egg Spot Turbo,18,966000
2026-08-10,Bogotá,08 ANDES,The Breakfast Club Turbo,17,1081700
2026-08-10,Bogotá,02 PARQUE 93,Ñamgucheria Turbo,17,989700
2026-08-10,Bogotá,36 VILLA DEL PRADO,Desayunos de la Abuela Turbo,17,1015000
2026-08-10,Cartagena,33 CARTAGENA,La Cuadra Turbo,17,1195000
2026-08-10,Medellín,11 MANILA,The Egg Spot Turbo,17,1114800
2026-08-10,Bogotá,08 ANDES,Desayunos de la Abuela Turbo,17,937100
2026-08-10,Bogotá,01 USAQUEN,Mr Beast Burger Turbo,17,890100
2026-08-10,Bogotá,69 ARRECIFE,La Casa Mexicana Turbo,16,937300
2026-08-10,Bogotá,01 USAQUEN,SAN JERÓNIMO TURBO,16,506000
2026-08-10,Bogotá,01 USAQUEN,Burritos & Co Turbo,16,553500
2026-08-10,Bogotá,36 VILLA DEL PRADO,Desgranados & Co Turbo,16,676200
2026-08-10,Bucaramanga,42 CABECERA,Mr Beast Burger Turbo,16,982500
2026-08-10,Medellín,12 LAURELES,The Egg Spot Turbo,16,882200
2026-08-10,Bucaramanga,42 CABECERA,El Ejecutivo Turbo,15,598000
2026-08-10,Bogotá,06 COLINA,Desayunos de la Abuela Turbo,15,1063500
2026-08-10,Bogotá,69 ARRECIFE,Honest Food Turbo,15,705600
2026-08-10,Bogotá,36 VILLA DEL PRADO,BRUNCH & MUNCH TURBO,15,1369000
2026-08-10,Bucaramanga,42 CABECERA,Cinnabon Turbo,15,382400
2026-08-10,Medellín,11 MANILA,House of Salads Turbo,15,529900
2026-08-10,Bogotá,71 CEDRITOS,Local Cocina Consciente turbo,14,750000
2026-08-10,Bogotá,69 ARRECIFE,Ñamgucheria Turbo,14,918600
2026-08-10,Cali,22 SANTA MONICA,BRUNCH & MUNCH TURBO,14,604700
2026-08-10,Bogotá,36 VILLA DEL PRADO,House Of Burgers Turbo,14,677100
2026-08-10,Barranquilla,32 BARRANQUILLA,Ñamgucheria Turbo,14,647400
2026-08-10,Bogotá,02 PARQUE 93,House Of Burgers Turbo,14,816300
2026-08-10,Cali,22 SANTA MONICA,Green House Turbo,13,544600
2026-08-10,Bogotá,03 CHAPINERO,Mr Beast Burger Turbo,13,621200
2026-08-10,Bogotá,08 ANDES,Honest Food Turbo,13,561100
2026-08-10,Bogotá,06 COLINA,Ñamgucheria Turbo,13,755400
2026-08-10,Bogotá,03 CHAPINERO,Desgranados & Co Turbo,13,604700
2026-08-10,Bogotá,02 PARQUE 93,Monteverde Turbo,13,520300
2026-08-10,Bogotá,38 KENNEDY,La Cuadra Turbo,13,1020900
2026-08-10,Medellín,11 MANILA,House Of Burgers Turbo,13,826100
2026-08-10,Bogotá,71 CEDRITOS,Honest Food Turbo,13,644700
2026-08-10,Bogotá,01 USAQUEN,Honest Food Turbo,13,545000
2026-08-10,Bucaramanga,42 CABECERA,Desayunos de la Abuela Turbo,12,525300
2026-08-10,Cartagena,33 CARTAGENA,Ñamgucheria Turbo,12,618500
2026-08-10,Bogotá,08 ANDES,House of Salads Turbo,12,384900
2026-08-10,Bogotá,03 CHAPINERO,The Egg Spot Turbo,12,457000
2026-08-10,Cali,22 SANTA MONICA,Mr Beast Burger Turbo,12,700400
2026-08-10,Cali,46 INGENIO,Mr Beast Burger Turbo,12,662800
2026-08-10,Bogotá,71 CEDRITOS,Desgranados & Co Turbo,12,782900
2026-08-10,Medellín,12 LAURELES,Desayunos mi Tierrita Turbo,12,458000
2026-08-10,Bogotá,03 CHAPINERO,Almuerzos de la Casa Turbo,11,431500
2026-08-10,Bogotá,02 PARQUE 93,La Casa Mexicana Turbo,11,415700
2026-08-10,Bogotá,08 ANDES,Monteverde Turbo,11,458300
2026-08-10,Bucaramanga,42 CABECERA,Monteverde Turbo,11,371300
2026-08-10,Cali,24 SAN FERNANDO,House Of Burgers Turbo,11,608800
2026-08-10,Bogotá,01 USAQUEN,Desgranados & Co Turbo,11,475600
2026-08-10,Bogotá,02 PARQUE 93,Doritos Locos By Dorito Turbo,11,429800
2026-08-10,Medellín,12 LAURELES,Desgranados & Co Turbo,11,619200
2026-08-10,Medellín,12 LAURELES,El Jefe Turbo,10,558700
2026-08-10,Cali,24 SAN FERNANDO,Mr Beast Burger Turbo,10,384500
2026-08-10,Barranquilla,32 BARRANQUILLA,House of Salads Turbo,10,288300
2026-08-10,Bogotá,65 CALLE 109,Almuerzos de la Casa Turbo,10,332300
2026-08-10,Medellín,12 LAURELES,Frost By Oreo Turbo,10,297900
2026-08-10,Bogotá,65 CALLE 109,Desgranados & Co Turbo,10,400900
2026-08-10,Medellín,11 MANILA,Señor Burrito Turbo,10,431200
2026-08-10,Cartagena,33 CARTAGENA,Honest Food Turbo,10,387500
2026-08-10,Medellín,11 MANILA,SAN JERÓNIMO TURBO,10,333500
2026-08-10,Medellín,12 LAURELES,La Casa Mexicana Turbo,10,499900
2026-08-10,Cali,46 INGENIO,Acpm Corrientazo Turbo,10,442600
2026-08-10,Medellín,11 MANILA,La Casa Mexicana Turbo,10,424700
2026-08-10,Cartagena,33 CARTAGENA,Mr Beast Burger Turbo,10,428000
2026-08-10,Bogotá,38 KENNEDY,Honest Food Turbo,9,402800
2026-08-10,Cali,46 INGENIO,Cinnabon Turbo,9,341300
2026-08-10,Cali,46 INGENIO,Honest Food Turbo,9,587400
2026-08-10,Barranquilla,32 BARRANQUILLA,The Egg Spot Turbo,9,444500
2026-08-10,Bogotá,69 ARRECIFE,Numa Cocina Mediterranea - Turbo,9,538600
2026-08-10,Barranquilla,32 BARRANQUILLA,SAN JERÓNIMO TURBO,9,276000
2026-08-10,Cartagena,33 CARTAGENA,El Ejecutivo Turbo,9,314900
2026-08-10,Cali,46 INGENIO,Almuerzos de la Casa Turbo,9,289100
2026-08-10,Medellín,11 MANILA,Mr Beast Burger Turbo,9,488900
2026-08-10,Barranquilla,32 BARRANQUILLA,Almuerzos de la Casa Turbo,9,314100
2026-08-10,Bogotá,08 ANDES,Alba Vegetarian Turbo,9,375200
2026-08-10,Bogotá,03 CHAPINERO,SAN JERÓNIMO TURBO,9,287500
2026-08-10,Bogotá,65 CALLE 109,La Casa Mexicana Turbo,9,385200
2026-08-10,Cali,22 SANTA MONICA,El Jefe Turbo,9,387600
2026-08-10,Bogotá,71 CEDRITOS,La Casa Mexicana Turbo,9,459000
2026-08-10,Cali,22 SANTA MONICA,Ñamgucheria Turbo,9,520300
2026-08-10,Bogotá,65 CALLE 109,Casa Árabe Turbo,9,447000
2026-08-10,Bogotá,02 PARQUE 93,House of Salads Turbo,8,248200
2026-08-10,Bogotá,71 CEDRITOS,El Ejecutivo Turbo,8,310500
2026-08-10,Cali,24 SAN FERNANDO,Cinnabon Turbo,8,175500
2026-08-10,Cali,24 SAN FERNANDO,Monteverde Turbo,8,323300
2026-08-10,Cali,46 INGENIO,Monteverde Turbo,8,318700
2026-08-10,Bogotá,03 CHAPINERO,El Ejecutivo Turbo,8,240100
2026-08-10,Bogotá,08 ANDES,Desgranados & Co Turbo,8,404400
2026-08-10,Bogotá,06 COLINA,Green House Turbo,8,338200
2026-08-10,Medellín,11 MANILA,Vicio Turbo,8,323400
2026-08-10,Barranquilla,32 BARRANQUILLA,La Casa Mexicana Turbo,8,357300
2026-08-10,Bogotá,38 KENNEDY,BRUNCH & MUNCH TURBO,8,344800
2026-08-10,Medellín,11 MANILA,Almuerzos de la Casa Turbo,8,351100
2026-08-10,Bogotá,03 CHAPINERO,Numa Cocina Mediterranea - Turbo,8,254600
2026-08-10,Bucaramanga,42 CABECERA,SAN JERÓNIMO TURBO,8,379500
2026-08-10,Bogotá,01 USAQUEN,The Breakfast Club Turbo,8,314000
2026-08-10,Medellín,11 MANILA,El Jefe Turbo,8,552400
2026-08-10,Barranquilla,32 BARRANQUILLA,El Ejecutivo Turbo,7,254700
2026-08-10,Bogotá,06 COLINA,SAN JERÓNIMO TURBO,7,322000
2026-08-10,Bogotá,38 KENNEDY,La Casa Mexicana Turbo,7,285900
2026-08-10,Bogotá,02 PARQUE 93,Frost By Oreo Turbo,7,200900
2026-08-10,Bucaramanga,42 CABECERA,House Of Burgers Turbo,7,268900
2026-08-10,Bogotá,50 CHICO,Ñamgucheria Turbo,7,321600
2026-08-10,Cali,22 SANTA MONICA,Desgranados & Co Turbo,7,398300
2026-08-10,Medellín,11 MANILA,Frost By Oreo Turbo,7,273700
2026-08-10,Medellín,11 MANILA,Bottaniko Turbo,7,326900
2026-08-10,Bogotá,02 PARQUE 93,Desgranados & Co Turbo,7,383500
2026-08-10,Bogotá,02 PARQUE 93,Desayunos de la Abuela Turbo,7,343700
2026-08-10,Cali,24 SAN FERNANDO,Desgranados & Co Turbo,7,317400
2026-08-10,Bogotá,06 COLINA,Desgranados & Co Turbo,7,369700
2026-08-10,Bogotá,50 CHICO,The Egg Spot Turbo,7,339400
2026-08-10,Bogotá,36 VILLA DEL PRADO,La Casa Mexicana Turbo,7,371400
2026-08-10,Barranquilla,32 BARRANQUILLA,Alba Vegetarian Turbo,7,218200
2026-08-10,Bogotá,06 COLINA,La Casa Mexicana Turbo,7,445100
2026-08-10,Cali,22 SANTA MONICA,Burritos & Co Turbo,7,318600
2026-08-10,Cali,46 INGENIO,Señor Burrito Turbo,7,301100
2026-08-10,Bucaramanga,42 CABECERA,Honest Food Turbo,7,250400
2026-08-10,Bogotá,06 COLINA,La Cuadra Turbo,7,316200
2026-08-10,Bogotá,01 USAQUEN,La Casa Mexicana Turbo,7,343800
2026-08-10,Cali,46 INGENIO,Desgranados & Co Turbo,6,259900
2026-08-10,Bucaramanga,42 CABECERA,La Casa Mexicana Turbo,6,224800
2026-08-10,Cali,46 INGENIO,BRUNCH & MUNCH TURBO,6,258900
2026-08-10,Cali,22 SANTA MONICA,Frost By Oreo Turbo,6,129100
2026-08-10,Bogotá,08 ANDES,Casa Árabe Turbo,6,250600
2026-08-10,Bogotá,03 CHAPINERO,Frost By Oreo Turbo,6,128200
2026-08-10,Bogotá,69 ARRECIFE,Señor Burrito Turbo,6,225700
2026-08-10,Bogotá,38 KENNEDY,Frost By Oreo Turbo,6,194600
2026-08-10,Cali,22 SANTA MONICA,Cacerola Turbo,6,507600
2026-08-10,Bogotá,03 CHAPINERO,House of Salads Turbo,6,353900
2026-08-10,Bogotá,36 VILLA DEL PRADO,The Egg Spot Turbo,6,264800
2026-08-10,Bogotá,08 ANDES,The Egg Spot Turbo,6,219400
2026-08-10,Bogotá,06 COLINA,House of Salads Turbo,6,247800
2026-08-10,Bogotá,03 CHAPINERO,Doritos Locos By Dorito Turbo,6,259300
2026-08-10,Medellín,12 LAURELES,Vicio Turbo,6,277500
2026-08-10,Cali,24 SAN FERNANDO,BRUNCH & MUNCH TURBO,6,287300
2026-08-10,Bogotá,01 USAQUEN,El Jefe Turbo,6,808200
2026-08-10,Cali,22 SANTA MONICA,El Ejecutivo Turbo,6,247200
2026-08-10,Bogotá,01 USAQUEN,Doritos Locos By Dorito Turbo,6,318000
2026-08-10,Bogotá,01 USAQUEN,Casa Árabe Turbo,6,219900
2026-08-10,Cali,22 SANTA MONICA,The Breakfast Club Turbo,6,246200
2026-08-10,Bogotá,71 CEDRITOS,El Calentao Turbo,6,239400
2026-08-10,Bogotá,01 USAQUEN,House of Salads Turbo,6,271100
2026-08-10,Bogotá,71 CEDRITOS,Monteverde Turbo,6,267000
2026-08-10,Bogotá,06 COLINA,The Egg Spot Turbo,6,431600
2026-08-10,Cali,24 SAN FERNANDO,La Casa Mexicana Turbo,6,270900
2026-08-10,Bogotá,03 CHAPINERO,Alba Vegetarian Turbo,6,253200
2026-08-10,Bogotá,71 CEDRITOS,The Breakfast Club Turbo,6,297400
2026-08-10,Medellín,12 LAURELES,Alba Vegetarian Turbo,6,321500
2026-08-10,Medellín,11 MANILA,El Ejecutivo Turbo,6,286700
2026-08-10,Medellín,12 LAURELES,Señor Burrito Turbo,5,209800
2026-08-10,Cartagena,33 CARTAGENA,Monteverde Turbo,5,196400
2026-08-10,Cali,22 SANTA MONICA,Mañanero Diario Turbo,5,169400
2026-08-10,Bogotá,03 CHAPINERO,La Casa Mexicana Turbo,5,162500
2026-08-10,Bucaramanga,42 CABECERA,Señor Burrito Turbo,5,295900
2026-08-10,Cali,22 SANTA MONICA,Cinnabon Turbo,5,202400
2026-08-10,Bogotá,08 ANDES,Señor Burrito Turbo,5,228500
2026-08-10,Bogotá,03 CHAPINERO,Desayunos mi Tierrita Turbo,5,213200
2026-08-10,Bogotá,01 USAQUEN,Desayunos mi Tierrita Turbo,5,239800
2026-08-10,Bogotá,02 PARQUE 93,BRUNCH & MUNCH TURBO,5,229400
2026-08-10,Bogotá,08 ANDES,Frost By Oreo Turbo,5,132200
2026-08-10,Bucaramanga,42 CABECERA,House of Salads Turbo,5,168500
2026-08-10,Bogotá,02 PARQUE 93,El Ejecutivo Turbo,5,168500
2026-08-10,Bucaramanga,42 CABECERA,Almuerzos de la Casa Turbo,5,183100
2026-08-10,Bogotá,71 CEDRITOS,Frost By Oreo Turbo,5,130000
2026-08-10,Bogotá,08 ANDES,Almuerzos de la Casa Turbo,5,202500
2026-08-10,Bogotá,69 ARRECIFE,Casa Árabe Turbo,5,208200
2026-08-10,Bucaramanga,42 CABECERA,Frost By Oreo Turbo,5,108400
2026-08-10,Bogotá,65 CALLE 109,Frost By Oreo Turbo,5,121400
2026-08-10,Bogotá,38 KENNEDY,Doritos Locos By Dorito Turbo,5,228900
2026-08-10,Bogotá,69 ARRECIFE,Burrito Cantina Turbo,5,188600
2026-08-10,Medellín,12 LAURELES,Almuerzos de la Casa Turbo,5,239200
2026-08-10,Medellín,11 MANILA,Desayunos mi Tierrita Turbo,5,205300
2026-08-10,Cali,46 INGENIO,Frost By Oreo Turbo,5,200400
2026-08-10,Bogotá,69 ARRECIFE,Monteverde Turbo,5,219700
2026-08-10,Medellín,12 LAURELES,El Ejecutivo Turbo,5,156000
2026-08-10,Bogotá,50 CHICO,Frost By Oreo Turbo,5,176700
2026-08-10,Bogotá,38 KENNEDY,The Breakfast Club Turbo,5,397200
2026-08-10,Bogotá,02 PARQUE 93,SAN JERÓNIMO TURBO,5,172500
2026-08-10,Bogotá,08 ANDES,La Casa Mexicana Turbo,5,217000
2026-08-10,Bogotá,36 VILLA DEL PRADO,Frost By Oreo Turbo,5,140200
2026-08-10,Bogotá,36 VILLA DEL PRADO,House of Salads Turbo,5,205400
2026-08-10,Cali,46 INGENIO,Desayunos de la Abuela Turbo,5,243700
2026-08-10,Bogotá,69 ARRECIFE,BRUNCH & MUNCH TURBO,5,169900
2026-08-10,Bogotá,65 CALLE 109,Alba Vegetarian Turbo,5,149000
2026-08-10,Bogotá,65 CALLE 109,Selvatiko Turbo,4,249400
2026-08-10,Medellín,12 LAURELES,SAN JERÓNIMO TURBO,4,115000
2026-08-10,Bogotá,01 USAQUEN,Alba Vegetarian Turbo,4,171300
2026-08-10,Cartagena,33 CARTAGENA,Pret Sandwich Bistro Turbo,4,175900
2026-08-10,Barranquilla,32 BARRANQUILLA,El Jefe Turbo,4,201500
2026-08-10,Bogotá,50 CHICO,Alba Vegetarian Turbo,4,576400
2026-08-10,Bogotá,36 VILLA DEL PRADO,Alba Vegetarian Turbo,4,131900
2026-08-10,Bogotá,08 ANDES,Numa Cocina Mediterranea - Turbo,4,236500
2026-08-10,Bogotá,71 CEDRITOS,Casa Árabe Turbo,4,138000
2026-08-10,Barranquilla,32 BARRANQUILLA,Acpm Corrientazo Turbo,4,125300
2026-08-10,Bucaramanga,42 CABECERA,Desgranados & Co Turbo,4,202200
2026-08-10,Barranquilla,32 BARRANQUILLA,Bottaniko Turbo,4,124600
2026-08-10,Bogotá,02 PARQUE 93,Señor Burrito Turbo,4,156400
2026-08-10,Cali,46 INGENIO,Pret Sandwich Bistro Turbo,4,179400
2026-08-10,Bogotá,36 VILLA DEL PRADO,Desayunos mi Tierrita Turbo,4,224300
2026-08-10,Bogotá,69 ARRECIFE,Acpm Corrientazo Turbo,4,147700
2026-08-10,Bogotá,06 COLINA,Señor Burrito Turbo,4,173500
2026-08-10,Bogotá,01 USAQUEN,Almuerzos de la Casa Turbo,4,119500
2026-08-10,Cali,22 SANTA MONICA,The Egg Spot Turbo,4,145800
2026-08-10,Bogotá,06 COLINA,Alba Vegetarian Turbo,4,162200
2026-08-10,Cali,24 SAN FERNANDO,Honest Food Turbo,4,119000
2026-08-10,Bogotá,71 CEDRITOS,Numa Cocina Mediterranea - Turbo,4,153600
2026-08-10,Bogotá,69 ARRECIFE,Pret Sandwich Bistro Turbo,4,224800
2026-08-10,Cartagena,33 CARTAGENA,Almuerzos de la Casa Turbo,4,145400
2026-08-10,Bogotá,69 ARRECIFE,SAN JERÓNIMO TURBO,4,172500
2026-08-10,Cartagena,33 CARTAGENA,Señor Burrito Turbo,4,119600
2026-08-10,Bogotá,50 CHICO,Green House Turbo,4,102400
2026-08-10,Cali,24 SAN FERNANDO,El Ejecutivo Turbo,4,156100
2026-08-10,Bogotá,02 PARQUE 93,Casa Árabe Turbo,4,220200
2026-08-10,Bogotá,36 VILLA DEL PRADO,Señor Burrito Turbo,4,118000
2026-08-10,Bogotá,01 USAQUEN,House Of Burgers Turbo,4,163500
2026-08-10,Cali,22 SANTA MONICA,La Casa Mexicana Turbo,4,193300
2026-08-10,Medellín,12 LAURELES,House Of Burgers Turbo,4,260500
2026-08-10,Barranquilla,32 BARRANQUILLA,Desayunos mi Tierrita Turbo,4,99700
2026-08-10,Bogotá,01 USAQUEN,The Egg Spot Turbo,4,142200
2026-08-10,Bogotá,69 ARRECIFE,Bottaniko Turbo,3,86300
2026-08-10,Bogotá,03 CHAPINERO,House Of Burgers Turbo,3,397700
2026-08-10,Bogotá,02 PARQUE 93,The Breakfast Club Turbo,3,184200
2026-08-10,Bogotá,36 VILLA DEL PRADO,Casa Árabe Turbo,3,166900
2026-08-10,Cali,24 SAN FERNANDO,Vicio Turbo,3,98800
2026-08-10,Bogotá,71 CEDRITOS,Almuerzos de la Casa Turbo,3,132400
2026-08-10,Barranquilla,32 BARRANQUILLA,Cacerola Turbo,3,196000
2026-08-10,Bucaramanga,42 CABECERA,Bottaniko Turbo,3,119300
2026-08-10,Barranquilla,32 BARRANQUILLA,Desgranados & Co Turbo,3,186600
2026-08-10,Bogotá,36 VILLA DEL PRADO,Acpm Corrientazo Turbo,3,74600
2026-08-10,Cali,46 INGENIO,Casa Árabe Turbo,3,145500
2026-08-10,Bucaramanga,42 CABECERA,The Egg Spot Turbo,3,151500
2026-08-10,Bogotá,36 VILLA DEL PRADO,Burrito Cantina Turbo,3,110300
2026-08-10,Bogotá,38 KENNEDY,The Egg Spot Turbo,3,80800
2026-08-10,Bogotá,08 ANDES,Doritos Locos By Dorito Turbo,3,98700
2026-08-10,Bogotá,38 KENNEDY,Desgranados & Co Turbo,3,124300
2026-08-10,Bogotá,71 CEDRITOS,Alba Vegetarian Turbo,3,134100
2026-08-10,Bogotá,06 COLINA,Frost By Oreo Turbo,3,101500
2026-08-10,Bogotá,69 ARRECIFE,Frost By Oreo Turbo,3,114100
2026-08-10,Bogotá,65 CALLE 109,Foodology Court Turbo,3,83100
2026-08-10,Bogotá,38 KENNEDY,Alba Vegetarian Turbo,3,127200
2026-08-10,Bogotá,06 COLINA,Vicio Turbo,3,129900
2026-08-10,Bogotá,65 CALLE 109,House Of Burgers Turbo,3,123500
2026-08-10,Medellín,11 MANILA,Mañanero Diario Turbo,3,252000
2026-08-10,Bogotá,71 CEDRITOS,The Egg Spot Turbo,3,223900
2026-08-10,Bucaramanga,42 CABECERA,Alba Vegetarian Turbo,3,125200
2026-08-10,Bogotá,38 KENNEDY,Monteverde Turbo,3,155900
2026-08-10,Cali,22 SANTA MONICA,Foodology Court Turbo,3,145800
2026-08-10,Bogotá,06 COLINA,House Of Burgers Turbo,3,155900
2026-08-10,Medellín,12 LAURELES,Burrito Cantina Turbo,3,259300
2026-08-10,Bogotá,65 CALLE 109,Pret Sandwich Bistro Turbo,3,148700
2026-08-10,Barranquilla,32 BARRANQUILLA,Frost By Oreo Turbo,3,90400
2026-08-10,Medellín,11 MANILA,Burrito Cantina Turbo,3,79000
2026-08-10,Bogotá,36 VILLA DEL PRADO,Selvatiko Turbo,3,105400
2026-08-10,Cartagena,33 CARTAGENA,SAN JERÓNIMO TURBO,3,46000
2026-08-10,Bogotá,36 VILLA DEL PRADO,El Ejecutivo Turbo,3,136400
2026-08-10,Bogotá,71 CEDRITOS,House of Salads Turbo,3,123600
2026-08-10,Bogotá,01 USAQUEN,Cacerola Turbo,3,137800
2026-08-10,Cali,22 SANTA MONICA,Honest Food Turbo,3,96500
2026-08-10,Bogotá,06 COLINA,Almuerzos de la Casa Turbo,3,99000
2026-08-10,Bogotá,65 CALLE 109,Mañanero Diario Turbo,3,125300
2026-08-10,Bogotá,01 USAQUEN,Señor Burrito Turbo,3,76200
2026-08-10,Cali,24 SAN FERNANDO,Señor Burrito Turbo,2,85600
2026-08-10,Bogotá,08 ANDES,Burrito Cantina Turbo,2,36400
2026-08-10,Bogotá,03 CHAPINERO,Cacerola Turbo,2,209800
2026-08-10,Cali,46 INGENIO,Vicio Turbo,2,67900
2026-08-10,Cali,22 SANTA MONICA,Pret Sandwich Bistro Turbo,2,110000
2026-08-10,Bogotá,01 USAQUEN,El Ejecutivo Turbo,2,93600
2026-08-10,Bogotá,02 PARQUE 93,Bottaniko Turbo,2,73500
2026-08-10,Cali,22 SANTA MONICA,Desayunos mi Tierrita Turbo,2,154800
2026-08-10,Bogotá,01 USAQUEN,Monteverde Turbo,2,68700
2026-08-10,Medellín,11 MANILA,Cacerola Turbo,2,73300
2026-08-10,Cali,22 SANTA MONICA,Vicio Turbo,2,65400
2026-08-10,Bogotá,08 ANDES,Desayunos mi Tierrita Turbo,2,122900
2026-08-10,Bogotá,38 KENNEDY,Almuerzos de la Casa Turbo,2,46400
2026-08-10,Bogotá,03 CHAPINERO,Pret Sandwich Bistro Turbo,2,76700
2026-08-10,Cartagena,33 CARTAGENA,House of Salads Turbo,2,70800
2026-08-10,Cali,46 INGENIO,La Casa Mexicana Turbo,2,112500
2026-08-10,Bogotá,08 ANDES,Mañanero Diario Turbo,2,43800
2026-08-10,Barranquilla,32 BARRANQUILLA,Señor Burrito Turbo,2,38400
2026-08-10,Bogotá,08 ANDES,Acpm Corrientazo Turbo,2,61600
2026-08-10,Bogotá,38 KENNEDY,Cacerola Turbo,2,114500
2026-08-10,Cartagena,33 CARTAGENA,House Of Burgers Turbo,2,83500
2026-08-10,Cali,22 SANTA MONICA,Bottaniko Turbo,2,56400
2026-08-10,Bogotá,71 CEDRITOS,House Of Burgers Turbo,2,122500
2026-08-10,Bogotá,02 PARQUE 93,Almuerzos de la Casa Turbo,2,116000
2026-08-10,Cali,24 SAN FERNANDO,Frost By Oreo Turbo,2,64600
2026-08-10,Bogotá,38 KENNEDY,Señor Burrito Turbo,2,144600
2026-08-10,Cali,24 SAN FERNANDO,Ñamgucheria Turbo,2,49800
2026-08-10,Cali,22 SANTA MONICA,House of Salads Turbo,2,166100
2026-08-10,Medellín,11 MANILA,Pret Sandwich Bistro Turbo,2,169800
2026-08-10,Bogotá,38 KENNEDY,Desayunos de la Abuela Turbo,2,57600
2026-08-10,Bogotá,02 PARQUE 93,Acpm Corrientazo Turbo,2,69800
2026-08-10,Cali,24 SAN FERNANDO,Pret Sandwich Bistro Turbo,2,54300
2026-08-10,Cali,22 SANTA MONICA,SAN JERÓNIMO TURBO,2,103500
2026-08-10,Cali,22 SANTA MONICA,Señor Burrito Turbo,2,119400
2026-08-10,Bogotá,01 USAQUEN,Acpm Corrientazo Turbo,2,65700
2026-08-10,Medellín,12 LAURELES,Foodology Court Turbo,2,75700
2026-08-10,Medellín,12 LAURELES,Mañanero Diario Turbo,2,65400
2026-08-10,Medellín,11 MANILA,Alba Vegetarian Turbo,2,62400
2026-08-10,Cali,46 INGENIO,Bottaniko Turbo,2,88500
2026-08-10,Bogotá,69 ARRECIFE,Doritos Locos By Dorito Turbo,2,97100
2026-08-10,Cartagena,33 CARTAGENA,BRUNCH & MUNCH TURBO,2,36800
2026-08-10,Bogotá,08 ANDES,Pret Sandwich Bistro Turbo,2,121900
2026-08-10,Cali,46 INGENIO,Alba Vegetarian Turbo,2,53700
2026-08-10,Bogotá,69 ARRECIFE,Alba Vegetarian Turbo,2,99200
2026-08-10,Bogotá,38 KENNEDY,Numa Cocina Mediterranea - Turbo,2,105100
2026-08-10,Barranquilla,32 BARRANQUILLA,Vicio Turbo,2,52700
2026-08-10,Bogotá,03 CHAPINERO,El Jefe Turbo,2,113300
2026-08-10,Cali,22 SANTA MONICA,Desayunos de la Abuela Turbo,2,109000
2026-08-10,Bogotá,38 KENNEDY,SAN JERÓNIMO TURBO,2,80500
2026-08-10,Bogotá,69 ARRECIFE,House Of Burgers Turbo,2,67700
2026-08-10,Bogotá,03 CHAPINERO,La Cuadra Desayunos Turbo,2,54300
2026-08-10,Bogotá,08 ANDES,SAN JERÓNIMO TURBO,2,46000
2026-08-10,Bogotá,69 ARRECIFE,Local Cocina Consciente turbo,2,112300
2026-08-10,Bogotá,03 CHAPINERO,Selvatiko Turbo,2,56700
2026-08-10,Bogotá,01 USAQUEN,Vicio Turbo,2,61800
2026-08-10,Bogotá,38 KENNEDY,El Jefe Turbo,2,177400
2026-08-10,Bucaramanga,42 CABECERA,Acpm Corrientazo Turbo,2,76100
2026-08-10,Bogotá,50 CHICO,Desayunos mi Tierrita Turbo,2,106300
2026-08-10,Bogotá,06 COLINA,Pret Sandwich Bistro Turbo,2,73300
2026-08-10,Bogotá,38 KENNEDY,Casa Árabe Turbo,1,61400
2026-08-10,Medellín,12 LAURELES,Cacerola Turbo,1,47400
2026-08-10,Cali,24 SAN FERNANDO,Alba Vegetarian Turbo,1,47000
2026-08-10,Bogotá,02 PARQUE 93,Pret Sandwich Bistro Turbo,1,103200
2026-08-10,Bogotá,38 KENNEDY,Burrito Cantina Turbo,1,60700
2026-08-10,Cartagena,33 CARTAGENA,La Casa Mexicana Turbo,1,29800
2026-08-10,Cali,24 SAN FERNANDO,SAN JERÓNIMO TURBO,1,46000
2026-08-10,Barranquilla,32 BARRANQUILLA,House Of Burgers Turbo,1,44900
2026-08-10,Bogotá,65 CALLE 109,Burrito Cantina Turbo,1,39000
2026-08-10,Barranquilla,32 BARRANQUILLA,Pret Sandwich Bistro Turbo,1,87800
2026-08-10,Bogotá,03 CHAPINERO,Bottaniko Turbo,1,24500
2026-08-10,Cali,24 SAN FERNANDO,Desayunos de la Abuela Turbo,1,27900
2026-08-10,Bogotá,02 PARQUE 93,Foodology Court Turbo,1,79100
2026-08-10,Bogotá,36 VILLA DEL PRADO,Bottaniko Turbo,1,59900
2026-08-10,Bucaramanga,42 CABECERA,Foodology Court Turbo,1,24900
2026-08-10,Bogotá,06 COLINA,Foodology Court Turbo,1,21900
2026-08-10,Barranquilla,32 BARRANQUILLA,Mañanero Diario Turbo,1,22500
2026-08-10,Bogotá,06 COLINA,Casa Árabe Turbo,1,15500
2026-08-10,Bogotá,08 ANDES,La Cuadra Desayunos Turbo,1,61000
2026-08-10,Cali,24 SAN FERNANDO,Bottaniko Turbo,1,34900
2026-08-10,Bogotá,03 CHAPINERO,Acpm Corrientazo Turbo,1,18500
2026-08-10,Bogotá,01 USAQUEN,Foodology Court Turbo,1,45800
2026-08-10,Bogotá,02 PARQUE 93,Vicio Turbo,1,21800
2026-08-10,Bogotá,02 PARQUE 93,Burrito Cantina Turbo,1,27900
2026-08-10,Bogotá,36 VILLA DEL PRADO,Foodology Court Turbo,1,42000
2026-08-10,Bogotá,01 USAQUEN,Pret Sandwich Bistro Turbo,1,30900
2026-08-10,Bogotá,50 CHICO,Burritos & Co Turbo,1,22900
2026-08-10,Bogotá,65 CALLE 109,Desayunos mi Tierrita Turbo,1,179600
2026-08-10,Bogotá,65 CALLE 109,Cacerola Turbo,1,47400
2026-08-10,Cali,24 SAN FERNANDO,Burrito Cantina Turbo,1,29800
2026-08-10,Bogotá,03 CHAPINERO,Casa Árabe Turbo,1,48500
2026-08-10,Cali,22 SANTA MONICA,Almuerzos de la Casa Turbo,1,31400
2026-08-10,Medellín,12 LAURELES,La Cuadra Desayunos Turbo,1,33800
2026-08-10,Cartagena,33 CARTAGENA,Mañanero Diario Turbo,1,61800
2026-08-10,Bogotá,02 PARQUE 93,Alba Vegetarian Turbo,1,39500
2026-08-10,Bogotá,38 KENNEDY,Pret Sandwich Bistro Turbo,1,64300
2026-08-10,Cali,24 SAN FERNANDO,Foodology Court Turbo,1,32700
2026-08-10,Bogotá,01 USAQUEN,Mañanero Diario Turbo,1,50600
2026-08-10,Bogotá,65 CALLE 109,Señor Burrito Turbo,1,14900
2026-08-10,Bogotá,50 CHICO,House of Salads Turbo,1,27500
2026-08-10,Medellín,12 LAURELES,Selvatiko Turbo,1,33400
2026-08-10,Cali,46 INGENIO,Desayunos Colombianos Turbo,1,32800
2026-08-10,Bogotá,03 CHAPINERO,Foodology Court Turbo,1,24900
2026-08-10,Cartagena,33 CARTAGENA,Vicio Turbo,1,30900
2026-08-10,Cali,22 SANTA MONICA,Burrito Cantina Turbo,1,55700
2026-08-10,Cartagena,33 CARTAGENA,Acpm Corrientazo Turbo,1,26800
2026-08-10,Bogotá,69 ARRECIFE,Mañanero Diario Turbo,1,25800
2026-08-10,Cali,24 SAN FERNANDO,El Jefe Turbo,1,63700
2026-08-10,Medellín,12 LAURELES,Bottaniko Turbo,1,81300
2026-08-10,Bogotá,71 CEDRITOS,La Folie Turbo,1,26900
2026-08-10,Cali,46 INGENIO,House of Salads Turbo,1,34900
2026-08-10,Bogotá,08 ANDES,Foodology Court Turbo,1,39400
2026-08-10,Bogotá,38 KENNEDY,House of Salads Turbo,1,54800
2026-08-10,Bogotá,36 VILLA DEL PRADO,Vicio Turbo,1,49500
2026-08-10,Bogotá,01 USAQUEN,Bottaniko Turbo,1,63300
2026-08-10,Bogotá,36 VILLA DEL PRADO,SAN JERÓNIMO TURBO,1,34500
2026-08-10,Bogotá,02 PARQUE 93,Selvatiko Turbo,1,29500
2026-08-10,Cali,22 SANTA MONICA,Monteverde Turbo,1,48800
2026-08-10,Bogotá,06 COLINA,Burrito Cantina Turbo,1,63200
2026-08-10,Bogotá,36 VILLA DEL PRADO,Pret Sandwich Bistro Turbo,1,60800
2026-08-10,Cali,46 INGENIO,The Egg Spot Turbo,1,34500
2026-08-10,Bogotá,69 ARRECIFE,Desayunos mi Tierrita Turbo,1,63700
2026-08-10,Medellín,11 MANILA,Acpm Corrientazo Turbo,1,53200
2026-08-10,Bogotá,65 CALLE 109,Bottaniko Turbo,1,34900
2026-08-10,Cartagena,33 CARTAGENA,Foodology Court Turbo,1,64400
2026-08-10,Cali,24 SAN FERNANDO,Acpm Corrientazo Turbo,1,31400
2026-08-10,Bogotá,69 ARRECIFE,Desayunos de la Abuela Turbo,1,76200
2026-08-10,Bogotá,65 CALLE 109,La Cuadra Desayunos Turbo,1,24500
2026-08-10,Cali,24 SAN FERNANDO,The Breakfast Club Turbo,1,38900
2026-08-10,Cali,46 INGENIO,Ñamgucheria Turbo,1,41500
2026-08-10,Cali,46 INGENIO,Cacerola Turbo,1,44500
2026-08-10,Cali,22 SANTA MONICA,Alba Vegetarian Turbo,1,49700
2026-08-10,Cali,24 SAN FERNANDO,Almuerzos de la Casa Turbo,1,23900
2026-08-10,Bogotá,38 KENNEDY,Foodology Court Turbo,1,62700
2026-08-10,Bogotá,02 PARQUE 93,El Jefe Turbo,1,71600
2026-08-10,Barranquilla,32 BARRANQUILLA,Foodology Court Turbo,1,21900
2026-08-10,Bogotá,36 VILLA DEL PRADO,El Jefe Turbo,1,54800
2026-08-10,Barranquilla,32 BARRANQUILLA,Selvatiko Turbo,1,39400
2026-08-10,Bucaramanga,42 CABECERA,Desayunos mi Tierrita Turbo,1,34300
2026-08-17,Medellín,11 MANILA,AVOCALIA TURBO,321,14852900
2026-08-17,Medellín,11 MANILA,BRUNCH & MUNCH TURBO,183,10163600
2026-08-17,Medellín,12 LAURELES,AVOCALIA TURBO,169,8585000
2026-08-17,Bogotá,50 CHICO,AVOCALIA TURBO,152,6911100
2026-08-17,Medellín,11 MANILA,Burritos & Co Turbo,141,6262400
2026-08-17,Barranquilla,32 BARRANQUILLA,Green House Turbo,141,5090700
2026-08-17,Bogotá,65 CALLE 109,AVOCALIA TURBO,137,6744200
2026-08-17,Bogotá,65 CALLE 109,BRUNCH & MUNCH TURBO,134,8075300
2026-08-17,Bogotá,50 CHICO,BRUNCH & MUNCH TURBO,123,7329100
2026-08-17,Barranquilla,32 BARRANQUILLA,AVOCALIA TURBO,120,5357000
2026-08-17,Bucaramanga,42 CABECERA,AVOCALIA TURBO,114,5118500
2026-08-17,Bucaramanga,42 CABECERA,Burritos & Co Turbo,107,4621900
2026-08-17,Medellín,12 LAURELES,Burritos & Co Turbo,104,4610500
2026-08-17,Bogotá,03 CHAPINERO,AVOCALIA TURBO,102,4486500
2026-08-17,Bogotá,65 CALLE 109,Burritos & Co Turbo,101,4819000
2026-08-17,Bogotá,02 PARQUE 93,AVOCALIA TURBO,96,4594000
2026-08-17,Bogotá,03 CHAPINERO,Green House Turbo,93,3271600
2026-08-17,Bucaramanga,42 CABECERA,La Cuadra Turbo,91,4805300
2026-08-17,Bogotá,03 CHAPINERO,BRUNCH & MUNCH TURBO,88,4441600
2026-08-17,Medellín,11 MANILA,Desayunos de la Abuela Turbo,88,4811200
2026-08-17,Medellín,11 MANILA,La Cuadra Turbo,87,5540600
2026-08-17,Bogotá,08 ANDES,AVOCALIA TURBO,83,3790000
2026-08-17,Bogotá,08 ANDES,Burritos & Co Turbo,81,3901600
2026-08-17,Bogotá,01 USAQUEN,AVOCALIA TURBO,79,3062000
2026-08-17,Bogotá,36 VILLA DEL PRADO,Burritos & Co Turbo,77,3985800
2026-08-17,Bogotá,36 VILLA DEL PRADO,AVOCALIA TURBO,75,3806100
2026-08-17,Medellín,11 MANILA,Cinnabon Turbo,74,2334700
2026-08-17,Medellín,12 LAURELES,BRUNCH & MUNCH TURBO,73,3577700
2026-08-17,Bogotá,06 COLINA,Burritos & Co Turbo,71,3387300
2026-08-17,Bogotá,08 ANDES,BRUNCH & MUNCH TURBO,69,3615200
2026-08-17,Bogotá,65 CALLE 109,La Cuadra Turbo,69,3653600
2026-08-17,Bogotá,08 ANDES,La Cuadra Turbo,68,3743400
2026-08-17,Bogotá,69 ARRECIFE,AVOCALIA TURBO,67,2966400
2026-08-17,Medellín,12 LAURELES,Cinnabon Turbo,66,2022400
2026-08-17,Barranquilla,32 BARRANQUILLA,La Cuadra Turbo,63,3262400
2026-08-17,Bogotá,61 CHICO CINNABON,cinnabon pase turbo,62,2175700
2026-08-17,Medellín,12 LAURELES,La Cuadra Turbo,61,3526700
2026-08-17,Bogotá,36 VILLA DEL PRADO,Mr Beast Burger Turbo,61,3567400
2026-08-17,Medellín,12 LAURELES,Green House Turbo,61,2399400
2026-08-17,Bogotá,65 CALLE 109,Ñamgucheria Turbo,59,3032700
2026-08-17,Bogotá,06 COLINA,AVOCALIA TURBO,58,2469700
2026-08-17,Bucaramanga,42 CABECERA,Green House Turbo,57,2122800
2026-08-17,Bogotá,65 CALLE 109,Green House Turbo,56,2159900
2026-08-17,Bogotá,65 CALLE 109,Cinnabon Turbo,55,1885600
2026-08-17,Medellín,12 LAURELES,Mr Beast Burger Turbo,54,2812300
2026-08-17,Bogotá,02 PARQUE 93,Green House Turbo,53,2104800
2026-08-17,Cartagena,33 CARTAGENA,AVOCALIA TURBO,53,2311600
2026-08-17,Cali,46 INGENIO,AVOCALIA TURBO,53,2206300
2026-08-17,Bogotá,65 CALLE 109,Desayunos de la Abuela Turbo,52,3149500
2026-08-17,Barranquilla,32 BARRANQUILLA,Cinnabon Turbo,51,1346400
2026-08-17,Bogotá,71 CEDRITOS,Green House Turbo,51,1935500
2026-08-17,Bogotá,03 CHAPINERO,Burritos & Co Turbo,51,2446700
2026-08-17,Barranquilla,32 BARRANQUILLA,Burritos & Co Turbo,50,1936600
2026-08-17,Bogotá,02 PARQUE 93,Burritos & Co Turbo,50,2123000
2026-08-17,Bogotá,71 CEDRITOS,AVOCALIA TURBO,50,2314500
2026-08-17,Bogotá,38 KENNEDY,Burritos & Co Turbo,50,2655800
2026-08-17,Bogotá,38 KENNEDY,Mr Beast Burger Turbo,50,2974000
2026-08-17,Medellín,11 MANILA,Honest Food Turbo,49,2281300
2026-08-17,Medellín,12 LAURELES,Desayunos de la Abuela Turbo,48,2475700
2026-08-17,Bogotá,03 CHAPINERO,The Breakfast Club Turbo,46,2200200
2026-08-17,Bogotá,71 CEDRITOS,Burritos & Co Turbo,45,2392700
2026-08-17,Bogotá,06 COLINA,Mr Beast Burger Turbo,45,2286900
2026-08-17,Bogotá,01 USAQUEN,BRUNCH & MUNCH TURBO,44,2293300
2026-08-17,Bogotá,02 PARQUE 93,La Cuadra Turbo,44,2316000
2026-08-17,Cartagena,33 CARTAGENA,La Cuadra Turbo,44,2336600
2026-08-17,Cali,24 SAN FERNANDO,Green House Turbo,44,1750700
2026-08-17,Medellín,11 MANILA,The Breakfast Club Turbo,43,2224700
2026-08-17,Bogotá,69 ARRECIFE,Green House Turbo,42,1567000
2026-08-17,Bogotá,71 CEDRITOS,Ñamgucheria Turbo,42,2203500
2026-08-17,Bogotá,71 CEDRITOS,BRUNCH & MUNCH TURBO,41,2637500
2026-08-17,Bogotá,01 USAQUEN,La Cuadra Turbo,41,3016000
2026-08-17,Bogotá,03 CHAPINERO,La Cuadra Turbo,41,2061000
2026-08-17,Barranquilla,32 BARRANQUILLA,Desayunos de la Abuela Turbo,39,1612900
2026-08-17,Bogotá,03 CHAPINERO,Desayunos de la Abuela Turbo,39,2137300
2026-08-17,Bogotá,36 VILLA DEL PRADO,Cinnabon Turbo,39,1095000
2026-08-17,Cartagena,33 CARTAGENA,Burritos & Co Turbo,38,1676200
2026-08-17,Bogotá,03 CHAPINERO,Honest Food Turbo,37,1538900
2026-08-17,Bogotá,01 USAQUEN,Green House Turbo,37,1626300
2026-08-17,Bogotá,71 CEDRITOS,Desayunos de la Abuela Turbo,37,2153100
2026-08-17,Cartagena,33 CARTAGENA,Green House Turbo,35,1466000
2026-08-17,Bogotá,65 CALLE 109,Mr Beast Burger Turbo,35,2248800
2026-08-17,Medellín,12 LAURELES,House of Salads Turbo,35,1248100
2026-08-17,Barranquilla,32 BARRANQUILLA,The Breakfast Club Turbo,34,1743800
2026-08-17,Bogotá,69 ARRECIFE,Mr Beast Burger Turbo,34,1813600
2026-08-17,Bogotá,06 COLINA,Desayunos de la Abuela Turbo,34,2031400
2026-08-17,Bucaramanga,42 CABECERA,Mr Beast Burger Turbo,34,1717100
2026-08-17,Cali,22 SANTA MONICA,AVOCALIA TURBO,34,1698500
2026-08-17,Bogotá,69 ARRECIFE,Honest Food Turbo,33,1741100
2026-08-17,Bogotá,36 VILLA DEL PRADO,Green House Turbo,33,1426400
2026-08-17,Medellín,11 MANILA,Ñamgucheria Turbo,32,1711600
2026-08-17,Cali,22 SANTA MONICA,La Cuadra Turbo,32,1776100
2026-08-17,Medellín,12 LAURELES,The Breakfast Club Turbo,32,2196100
2026-08-17,Bogotá,69 ARRECIFE,La Cuadra Turbo,32,1834800
2026-08-17,Bogotá,01 USAQUEN,Burritos & Co Turbo,31,1610500
2026-08-17,Bogotá,08 ANDES,Ñamgucheria Turbo,31,1514100
2026-08-17,Bogotá,02 PARQUE 93,Honest Food Turbo,31,1293200
2026-08-17,Bogotá,50 CHICO,The Breakfast Club Turbo,31,1766200
2026-08-17,Medellín,11 MANILA,Monteverde Turbo,30,1104600
2026-08-17,Medellín,12 LAURELES,Honest Food Turbo,30,1316700
2026-08-17,Bogotá,71 CEDRITOS,La Cuadra Turbo,30,1851600
2026-08-17,Bucaramanga,42 CABECERA,The Breakfast Club Turbo,29,1307300
2026-08-17,Bogotá,65 CALLE 109,The Breakfast Club Turbo,29,1555000
2026-08-17,Bogotá,01 USAQUEN,Cinnabon Turbo,28,1007000
2026-08-17,Bogotá,36 VILLA DEL PRADO,Desayunos de la Abuela Turbo,27,1903500
2026-08-17,Bogotá,02 PARQUE 93,Mr Beast Burger Turbo,26,1620500
2026-08-17,Bogotá,01 USAQUEN,Ñamgucheria Turbo,26,1311100
2026-08-17,Barranquilla,32 BARRANQUILLA,Monteverde Turbo,26,806900
2026-08-17,Bogotá,06 COLINA,La Cuadra Turbo,25,1435200
2026-08-17,Cali,24 SAN FERNANDO,La Cuadra Turbo,25,1330600
2026-08-17,Bogotá,08 ANDES,Mr Beast Burger Turbo,25,1463100
2026-08-17,Bogotá,38 KENNEDY,La Cuadra Turbo,25,1569900
2026-08-17,Barranquilla,32 BARRANQUILLA,BRUNCH & MUNCH TURBO,24,1329900
2026-08-17,Bogotá,06 COLINA,Cinnabon Turbo,24,759000
2026-08-17,Bogotá,36 VILLA DEL PRADO,La Cuadra Turbo,24,1569200
2026-08-17,Bogotá,08 ANDES,Honest Food Turbo,24,937200
2026-08-17,Bogotá,01 USAQUEN,Mr Beast Burger Turbo,24,1463600
2026-08-17,Bogotá,36 VILLA DEL PRADO,Ñamgucheria Turbo,23,1191400
2026-08-17,Bogotá,36 VILLA DEL PRADO,Honest Food Turbo,23,1025800
2026-08-17,Bogotá,38 KENNEDY,AVOCALIA TURBO,23,990000
2026-08-17,Bogotá,03 CHAPINERO,Cinnabon Turbo,22,737900
2026-08-17,Bogotá,03 CHAPINERO,Ñamgucheria Turbo,22,1030800
2026-08-17,Bogotá,65 CALLE 109,Honest Food Turbo,22,948900
2026-08-17,Medellín,12 LAURELES,Ñamgucheria Turbo,21,1002800
2026-08-17,Bogotá,03 CHAPINERO,Mr Beast Burger Turbo,21,1086600
2026-08-17,Bogotá,08 ANDES,Desayunos de la Abuela Turbo,21,1216900
2026-08-17,Cali,46 INGENIO,Honest Food Turbo,21,903600
2026-08-17,Bucaramanga,42 CABECERA,Cinnabon Turbo,20,780500
2026-08-17,Bogotá,06 COLINA,The Breakfast Club Turbo,20,1080300
2026-08-17,Cali,24 SAN FERNANDO,Burritos & Co Turbo,20,1166000
2026-08-17,Cartagena,33 CARTAGENA,Mr Beast Burger Turbo,20,1084400
2026-08-17,Medellín,11 MANILA,Mr Beast Burger Turbo,20,1081500
2026-08-17,Medellín,12 LAURELES,Monteverde Turbo,19,697900
2026-08-17,Barranquilla,32 BARRANQUILLA,Honest Food Turbo,19,889300
2026-08-17,Bogotá,02 PARQUE 93,SAN JERÓNIMO TURBO,19,667000
2026-08-17,Bucaramanga,42 CABECERA,Honest Food Turbo,19,800400
2026-08-17,Bogotá,03 CHAPINERO,SAN JERÓNIMO TURBO,18,598000
2026-08-17,Bogotá,03 CHAPINERO,Frost By Oreo Turbo,18,476600
2026-08-17,Barranquilla,32 BARRANQUILLA,Mr Beast Burger Turbo,18,804500
2026-08-17,Bucaramanga,42 CABECERA,BRUNCH & MUNCH TURBO,18,889100
2026-08-17,Cali,24 SAN FERNANDO,AVOCALIA TURBO,18,1178100
2026-08-17,Bogotá,71 CEDRITOS,Local Cocina Consciente turbo,18,968800
2026-08-17,Bogotá,06 COLINA,Ñamgucheria Turbo,17,824600
2026-08-17,Medellín,11 MANILA,Frost By Oreo Turbo,17,470700
2026-08-17,Bogotá,08 ANDES,The Breakfast Club Turbo,17,1010500
2026-08-17,Bogotá,65 CALLE 109,Monteverde Turbo,16,524300
2026-08-17,Cali,22 SANTA MONICA,The Breakfast Club Turbo,16,949300
2026-08-17,Bogotá,50 CHICO,Desayunos de la Abuela Turbo,16,816800
2026-08-17,Cartagena,33 CARTAGENA,Ñamgucheria Turbo,16,878000
2026-08-17,Medellín,11 MANILA,The Egg Spot Turbo,15,798100
2026-08-17,Bogotá,38 KENNEDY,Honest Food Turbo,15,1008800
2026-08-17,Bogotá,06 COLINA,SAN JERÓNIMO TURBO,15,529000
2026-08-17,Bogotá,02 PARQUE 93,Ñamgucheria Turbo,15,736200
2026-08-17,Bogotá,36 VILLA DEL PRADO,BRUNCH & MUNCH TURBO,14,905700
2026-08-17,Cali,46 INGENIO,Burritos & Co Turbo,14,534800
2026-08-17,Bogotá,06 COLINA,Honest Food Turbo,14,756700
2026-08-17,Cartagena,33 CARTAGENA,Honest Food Turbo,13,588900
2026-08-17,Cali,22 SANTA MONICA,Honest Food Turbo,13,428500
2026-08-17,Bogotá,36 VILLA DEL PRADO,Monteverde Turbo,13,620300
2026-08-17,Medellín,12 LAURELES,Desayunos mi Tierrita Turbo,13,481800
2026-08-17,Medellín,11 MANILA,Desayunos mi Tierrita Turbo,13,683600
2026-08-17,Cali,24 SAN FERNANDO,Honest Food Turbo,13,584100
2026-08-17,Bucaramanga,42 CABECERA,Ñamgucheria Turbo,12,679900
2026-08-17,Bogotá,69 ARRECIFE,Ñamgucheria Turbo,12,702700
2026-08-17,Bogotá,01 USAQUEN,SAN JERÓNIMO TURBO,12,402500
2026-08-17,Medellín,12 LAURELES,Vicio Turbo,12,537100
2026-08-17,Bogotá,01 USAQUEN,The Breakfast Club Turbo,12,650200
2026-08-17,Bogotá,38 KENNEDY,Green House Turbo,12,456200
2026-08-17,Bogotá,01 USAQUEN,Honest Food Turbo,12,557500
2026-08-17,Bogotá,71 CEDRITOS,Honest Food Turbo,12,599200
2026-08-17,Bogotá,02 PARQUE 93,Desayunos de la Abuela Turbo,11,569800
2026-08-17,Barranquilla,32 BARRANQUILLA,The Egg Spot Turbo,11,337200
2026-08-17,Bogotá,06 COLINA,Monteverde Turbo,11,593900
2026-08-17,Bogotá,38 KENNEDY,BRUNCH & MUNCH TURBO,11,365200
2026-08-17,Bogotá,02 PARQUE 93,BRUNCH & MUNCH TURBO,11,435200
2026-08-17,Cali,46 INGENIO,Mr Beast Burger Turbo,11,775700
2026-08-17,Medellín,11 MANILA,SAN JERÓNIMO TURBO,10,483000
2026-08-17,Medellín,11 MANILA,Almuerzos de la Casa Turbo,10,401600
2026-08-17,Medellín,11 MANILA,Vicio Turbo,10,338500
2026-08-17,Cali,22 SANTA MONICA,Cinnabon Turbo,10,355600
2026-08-17,Bogotá,69 ARRECIFE,SAN JERÓNIMO TURBO,10,368000
2026-08-17,Cali,22 SANTA MONICA,BRUNCH & MUNCH TURBO,10,438300
2026-08-17,Barranquilla,32 BARRANQUILLA,Ñamgucheria Turbo,10,458900
2026-08-17,Bogotá,65 CALLE 109,The Egg Spot Turbo,9,539500
2026-08-17,Cali,22 SANTA MONICA,Desayunos de la Abuela Turbo,9,355000
2026-08-17,Barranquilla,32 BARRANQUILLA,Desayunos mi Tierrita Turbo,9,580900
2026-08-17,Cartagena,33 CARTAGENA,House of Salads Turbo,9,363800
2026-08-17,Barranquilla,32 BARRANQUILLA,Frost By Oreo Turbo,9,219200
2026-08-17,Cali,46 INGENIO,BRUNCH & MUNCH TURBO,9,405600
2026-08-17,Bogotá,02 PARQUE 93,Doritos Locos By Dorito Turbo,9,334400
2026-08-17,Bogotá,71 CEDRITOS,El Calentao Turbo,9,420700
2026-08-17,Bogotá,03 CHAPINERO,Almuerzos de la Casa Turbo,8,240700
2026-08-17,Medellín,12 LAURELES,Alba Vegetarian Turbo,8,307000
2026-08-17,Cali,46 INGENIO,Cinnabon Turbo,8,193300
2026-08-17,Bucaramanga,42 CABECERA,El Ejecutivo Turbo,8,378800
2026-08-17,Bogotá,03 CHAPINERO,Desayunos mi Tierrita Turbo,8,455900
2026-08-17,Bucaramanga,42 CABECERA,Monteverde Turbo,8,270700
2026-08-17,Barranquilla,32 BARRANQUILLA,El Ejecutivo Turbo,8,210000
2026-08-17,Medellín,11 MANILA,El Jefe Turbo,8,398300
2026-08-17,Bogotá,03 CHAPINERO,Señor Burrito Turbo,8,421000
2026-08-17,Bogotá,71 CEDRITOS,The Breakfast Club Turbo,8,455400
2026-08-17,Bogotá,01 USAQUEN,Almuerzos de la Casa Turbo,7,329100
2026-08-17,Bogotá,36 VILLA DEL PRADO,Desgranados & Co Turbo,7,401500
2026-08-17,Medellín,11 MANILA,House of Salads Turbo,7,378100
2026-08-17,Medellín,12 LAURELES,Señor Burrito Turbo,7,330500
2026-08-17,Bogotá,38 KENNEDY,La Casa Mexicana Turbo,7,399900
2026-08-17,Barranquilla,32 BARRANQUILLA,Almuerzos de la Casa Turbo,7,214900
2026-08-17,Barranquilla,32 BARRANQUILLA,El Jefe Turbo,7,380500
2026-08-17,Bogotá,36 VILLA DEL PRADO,The Breakfast Club Turbo,7,555100
2026-08-17,Bogotá,02 PARQUE 93,Desgranados & Co Turbo,7,282400
2026-08-17,Bogotá,06 COLINA,Green House Turbo,7,408700
2026-08-17,Cali,46 INGENIO,Almuerzos de la Casa Turbo,7,204000
2026-08-17,Bogotá,65 CALLE 109,La Casa Mexicana Turbo,7,511600
2026-08-17,Bucaramanga,42 CABECERA,Desayunos de la Abuela Turbo,7,483800
2026-08-17,Bogotá,03 CHAPINERO,Monteverde Turbo,7,235900
2026-08-17,Bogotá,06 COLINA,Casa Árabe Turbo,7,371400
2026-08-17,Cali,24 SAN FERNANDO,Cinnabon Turbo,7,169400
2026-08-17,Barranquilla,32 BARRANQUILLA,SAN JERÓNIMO TURBO,7,287500
2026-08-17,Bogotá,02 PARQUE 93,Alba Vegetarian Turbo,6,188900
2026-08-17,Cartagena,33 CARTAGENA,SAN JERÓNIMO TURBO,6,184000
2026-08-17,Medellín,12 LAURELES,Desgranados & Co Turbo,6,307200
2026-08-17,Bucaramanga,42 CABECERA,Almuerzos de la Casa Turbo,6,210000
2026-08-17,Bucaramanga,42 CABECERA,SAN JERÓNIMO TURBO,6,287500
2026-08-17,Bogotá,01 USAQUEN,Desgranados & Co Turbo,6,306300
2026-08-17,Bogotá,02 PARQUE 93,Foodology Court Turbo,6,206100
2026-08-17,Barranquilla,32 BARRANQUILLA,Alba Vegetarian Turbo,6,226700
2026-08-17,Medellín,11 MANILA,Señor Burrito Turbo,6,214200
2026-08-17,Bogotá,08 ANDES,Señor Burrito Turbo,6,575400
2026-08-17,Bogotá,03 CHAPINERO,The Egg Spot Turbo,6,272800
2026-08-17,Bogotá,38 KENNEDY,El Jefe Turbo,6,249000
2026-08-17,Bogotá,69 ARRECIFE,Acpm Corrientazo Turbo,6,144000
2026-08-17,Cali,24 SAN FERNANDO,Mr Beast Burger Turbo,6,230900
2026-08-17,Cali,24 SAN FERNANDO,Almuerzos de la Casa Turbo,6,232900
2026-08-17,Bucaramanga,42 CABECERA,The Egg Spot Turbo,5,282300
2026-08-17,Bogotá,69 ARRECIFE,Numa Cocina Mediterranea - Turbo,5,229000
2026-08-17,Bucaramanga,42 CABECERA,El Jefe Turbo,5,221700
2026-08-17,Bogotá,69 ARRECIFE,House of Salads Turbo,5,165500
2026-08-17,Bogotá,36 VILLA DEL PRADO,House of Salads Turbo,5,156400
2026-08-17,Medellín,12 LAURELES,The Egg Spot Turbo,5,158100
2026-08-17,Bogotá,65 CALLE 109,Pret Sandwich Bistro Turbo,5,231700
2026-08-17,Bogotá,08 ANDES,Foodology Court Turbo,5,165400
2026-08-17,Barranquilla,32 BARRANQUILLA,Pret Sandwich Bistro Turbo,5,246600
2026-08-17,Bucaramanga,42 CABECERA,Alba Vegetarian Turbo,5,189900
2026-08-17,Cali,46 INGENIO,Desayunos de la Abuela Turbo,5,189100
2026-08-17,Medellín,11 MANILA,Alba Vegetarian Turbo,5,152100
2026-08-17,Bogotá,65 CALLE 109,Selvatiko Turbo,5,202800
2026-08-17,Bogotá,36 VILLA DEL PRADO,SAN JERÓNIMO TURBO,5,241500
2026-08-17,Medellín,12 LAURELES,Acpm Corrientazo Turbo,5,152100
2026-08-17,Medellín,11 MANILA,House Of Burgers Turbo,5,257400
2026-08-17,Bogotá,03 CHAPINERO,Desgranados & Co Turbo,5,181600
2026-08-17,Bogotá,06 COLINA,Vicio Turbo,5,259800
2026-08-17,Bogotá,71 CEDRITOS,Frost By Oreo Turbo,5,155000
2026-08-17,Bogotá,02 PARQUE 93,Señor Burrito Turbo,5,211400
2026-08-17,Bogotá,06 COLINA,The Egg Spot Turbo,5,199200
2026-08-17,Bogotá,71 CEDRITOS,Desgranados & Co Turbo,5,268700
2026-08-17,Bogotá,06 COLINA,Frost By Oreo Turbo,5,116300
2026-08-17,Bogotá,65 CALLE 109,Almuerzos de la Casa Turbo,5,122400
2026-08-17,Medellín,12 LAURELES,El Jefe Turbo,5,338600
2026-08-17,Bucaramanga,42 CABECERA,Bottaniko Turbo,5,198700
2026-08-17,Bogotá,50 CHICO,Ñamgucheria Turbo,5,470600
2026-08-17,Medellín,11 MANILA,El Ejecutivo Turbo,5,163800
2026-08-17,Bogotá,36 VILLA DEL PRADO,El Ejecutivo Turbo,5,278500
2026-08-17,Cali,22 SANTA MONICA,Green House Turbo,5,182900
2026-08-17,Bogotá,03 CHAPINERO,Cacerola Turbo,5,336900
2026-08-17,Bogotá,69 ARRECIFE,Señor Burrito Turbo,5,182900
2026-08-17,Barranquilla,32 BARRANQUILLA,Foodology Court Turbo,5,191300
2026-08-17,Cali,46 INGENIO,Señor Burrito Turbo,5,250700
2026-08-17,Bogotá,69 ARRECIFE,La Casa Mexicana Turbo,5,217500
2026-08-17,Barranquilla,32 BARRANQUILLA,Señor Burrito Turbo,5,114600
2026-08-17,Bogotá,36 VILLA DEL PRADO,Frost By Oreo Turbo,4,161100
2026-08-17,Barranquilla,32 BARRANQUILLA,La Casa Mexicana Turbo,4,176900
2026-08-17,Bogotá,01 USAQUEN,House of Salads Turbo,4,174500
2026-08-17,Medellín,11 MANILA,Desgranados & Co Turbo,4,224000
2026-08-17,Bogotá,01 USAQUEN,Señor Burrito Turbo,4,144600
2026-08-17,Bogotá,03 CHAPINERO,Vicio Turbo,4,114500
2026-08-17,Bogotá,71 CEDRITOS,House of Salads Turbo,4,197500
2026-08-17,Bogotá,38 KENNEDY,Frost By Oreo Turbo,4,132200
2026-08-17,Bogotá,08 ANDES,Almuerzos de la Casa Turbo,4,157700
2026-08-17,Bogotá,06 COLINA,Señor Burrito Turbo,4,195800
2026-08-17,Cali,46 INGENIO,Desgranados & Co Turbo,4,184000
2026-08-17,Cali,46 INGENIO,Monteverde Turbo,4,157300
2026-08-17,Bogotá,08 ANDES,Doritos Locos By Dorito Turbo,4,176500
2026-08-17,Medellín,12 LAURELES,SAN JERÓNIMO TURBO,4,172500
2026-08-17,Bogotá,08 ANDES,Casa Árabe Turbo,4,132500
2026-08-17,Bogotá,08 ANDES,Monteverde Turbo,4,162400
2026-08-17,Bogotá,36 VILLA DEL PRADO,Acpm Corrientazo Turbo,4,184200
2026-08-17,Medellín,12 LAURELES,Bottaniko Turbo,4,280500
2026-08-17,Bogotá,38 KENNEDY,SAN JERÓNIMO TURBO,4,207000
2026-08-17,Bogotá,36 VILLA DEL PRADO,House Of Burgers Turbo,4,274900
2026-08-17,Bogotá,01 USAQUEN,Monteverde Turbo,4,152900
2026-08-17,Bogotá,02 PARQUE 93,House of Salads Turbo,4,248600
2026-08-17,Bogotá,02 PARQUE 93,Monteverde Turbo,4,136600
2026-08-17,Cali,22 SANTA MONICA,Burritos & Co Turbo,4,165600
2026-08-17,Bogotá,08 ANDES,Acpm Corrientazo Turbo,4,125900
2026-08-17,Bogotá,38 KENNEDY,The Breakfast Club Turbo,4,251700
2026-08-17,Bogotá,65 CALLE 109,Bottaniko Turbo,4,126200
2026-08-17,Bogotá,08 ANDES,Desgranados & Co Turbo,4,223800
2026-08-17,Bogotá,38 KENNEDY,Ñamgucheria Turbo,4,124400
2026-08-17,Medellín,12 LAURELES,La Cuadra Desayunos Turbo,4,139600
2026-08-17,Bucaramanga,42 CABECERA,Frost By Oreo Turbo,4,64600
2026-08-17,Cali,24 SAN FERNANDO,Monteverde Turbo,4,138200
2026-08-17,Bogotá,03 CHAPINERO,Foodology Court Turbo,4,151600
2026-08-17,Bogotá,02 PARQUE 93,Frost By Oreo Turbo,4,152800
2026-08-17,Bogotá,03 CHAPINERO,Selvatiko Turbo,4,192000
2026-08-17,Cali,24 SAN FERNANDO,Señor Burrito Turbo,3,99500
2026-08-17,Bogotá,03 CHAPINERO,Pret Sandwich Bistro Turbo,3,152000
2026-08-17,Bogotá,01 USAQUEN,La Casa Mexicana Turbo,3,123500
2026-08-17,Medellín,12 LAURELES,Foodology Court Turbo,3,82600
2026-08-17,Medellín,12 LAURELES,Burrito Cantina Turbo,3,126700
2026-08-17,Bogotá,08 ANDES,Alba Vegetarian Turbo,3,90700
2026-08-17,Bogotá,69 ARRECIFE,Local Cocina Consciente turbo,3,116200
2026-08-17,Bogotá,65 CALLE 109,Alba Vegetarian Turbo,3,131500
2026-08-17,Bogotá,71 CEDRITOS,Pret Sandwich Bistro Turbo,3,111400
2026-08-17,Bogotá,71 CEDRITOS,Alba Vegetarian Turbo,3,54700
2026-08-17,Bogotá,02 PARQUE 93,Pret Sandwich Bistro Turbo,3,166800
2026-08-17,Bogotá,08 ANDES,Numa Cocina Mediterranea - Turbo,3,160700
2026-08-17,Barranquilla,32 BARRANQUILLA,Acpm Corrientazo Turbo,3,103500
2026-08-17,Bogotá,06 COLINA,Pret Sandwich Bistro Turbo,3,254000
2026-08-17,Bogotá,50 CHICO,Desayunos mi Tierrita Turbo,3,124600
2026-08-17,Bogotá,01 USAQUEN,Doritos Locos By Dorito Turbo,3,144500
2026-08-17,Bogotá,08 ANDES,La Casa Mexicana Turbo,3,200800
2026-08-17,Medellín,12 LAURELES,Frost By Oreo Turbo,3,101200
2026-08-17,Bogotá,69 ARRECIFE,Pret Sandwich Bistro Turbo,3,167500
2026-08-17,Bogotá,69 ARRECIFE,Alba Vegetarian Turbo,3,164700
2026-08-17,Bogotá,50 CHICO,The Egg Spot Turbo,3,124200
2026-08-17,Bogotá,03 CHAPINERO,House Of Burgers Turbo,3,148500
2026-08-17,Medellín,11 MANILA,Foodology Court Turbo,3,173300
2026-08-17,Cali,22 SANTA MONICA,Señor Burrito Turbo,3,148100
2026-08-17,Barranquilla,32 BARRANQUILLA,Selvatiko Turbo,3,89200
2026-08-17,Bogotá,69 ARRECIFE,Monteverde Turbo,3,163900
2026-08-17,Bogotá,36 VILLA DEL PRADO,Pret Sandwich Bistro Turbo,3,110600
2026-08-17,Bogotá,03 CHAPINERO,House of Salads Turbo,3,96700
2026-08-17,Barranquilla,32 BARRANQUILLA,Burrito Cantina Turbo,3,200200
2026-08-17,Cartagena,33 CARTAGENA,Monteverde Turbo,3,79200
2026-08-17,Bogotá,03 CHAPINERO,Numa Cocina Mediterranea - Turbo,3,160100
2026-08-17,Bogotá,65 CALLE 109,Desgranados & Co Turbo,3,160700
2026-08-17,Medellín,12 LAURELES,House Of Burgers Turbo,3,183100
2026-08-17,Cali,46 INGENIO,Ñamgucheria Turbo,3,193700
2026-08-17,Bogotá,03 CHAPINERO,Doritos Locos By Dorito Turbo,3,155500
2026-08-17,Medellín,12 LAURELES,Cacerola Turbo,3,130300
2026-08-17,Barranquilla,32 BARRANQUILLA,Bottaniko Turbo,3,154600
2026-08-17,Bogotá,65 CALLE 109,Frost By Oreo Turbo,3,112000
2026-08-17,Medellín,11 MANILA,La Casa Mexicana Turbo,3,161800
2026-08-17,Bogotá,71 CEDRITOS,Numa Cocina Mediterranea - Turbo,3,135600
2026-08-17,Medellín,12 LAURELES,El Ejecutivo Turbo,3,124300
2026-08-17,Bogotá,36 VILLA DEL PRADO,Alba Vegetarian Turbo,3,90400
2026-08-17,Bogotá,01 USAQUEN,El Jefe Turbo,3,120600
2026-08-17,Cartagena,33 CARTAGENA,Bottaniko Turbo,3,128900
2026-08-17,Barranquilla,32 BARRANQUILLA,Desgranados & Co Turbo,3,95200
2026-08-17,Cali,24 SAN FERNANDO,Desgranados & Co Turbo,3,113700
2026-08-17,Bogotá,03 CHAPINERO,El Jefe Turbo,3,148700
2026-08-17,Bogotá,38 KENNEDY,Desayunos de la Abuela Turbo,3,133900
2026-08-17,Bogotá,08 ANDES,Pret Sandwich Bistro Turbo,3,155000
2026-08-17,Bogotá,38 KENNEDY,Monteverde Turbo,3,166700
2026-08-17,Bucaramanga,42 CABECERA,Foodology Court Turbo,3,99400
2026-08-17,Bogotá,03 CHAPINERO,Bottaniko Turbo,3,102800
2026-08-17,Cali,24 SAN FERNANDO,BRUNCH & MUNCH TURBO,3,124200
2026-08-17,Medellín,11 MANILA,Acpm Corrientazo Turbo,3,86800
2026-08-17,Bogotá,71 CEDRITOS,Monteverde Turbo,3,145400
2026-08-17,Medellín,11 MANILA,Pret Sandwich Bistro Turbo,3,166300
2026-08-17,Bogotá,01 USAQUEN,Desayunos mi Tierrita Turbo,3,124200
2026-08-17,Cali,24 SAN FERNANDO,Ñamgucheria Turbo,3,203800
2026-08-17,Bucaramanga,42 CABECERA,Señor Burrito Turbo,3,91100
2026-08-17,Bogotá,71 CEDRITOS,La Cuadra Desayunos Turbo,3,200500
2026-08-17,Medellín,12 LAURELES,Almuerzos de la Casa Turbo,2,58700
2026-08-17,Bogotá,71 CEDRITOS,Burrito Cantina Turbo,2,70500
2026-08-17,Bogotá,65 CALLE 109,Acpm Corrientazo Turbo,2,72700
2026-08-17,Bogotá,36 VILLA DEL PRADO,Cacerola Turbo,2,176500
2026-08-17,Bogotá,01 USAQUEN,Casa Árabe Turbo,2,103200
2026-08-17,Cali,46 INGENIO,House of Salads Turbo,2,73300
2026-08-17,Bucaramanga,42 CABECERA,Desayunos mi Tierrita Turbo,2,61800
2026-08-17,Cali,24 SAN FERNANDO,El Ejecutivo Turbo,2,47800
2026-08-17,Medellín,11 MANILA,Bottaniko Turbo,2,167500
2026-08-17,Bogotá,69 ARRECIFE,Frost By Oreo Turbo,2,119100
2026-08-17,Bogotá,01 USAQUEN,The Egg Spot Turbo,2,68900
2026-08-17,Bogotá,71 CEDRITOS,Casa Árabe Turbo,2,51800
2026-08-17,Cartagena,33 CARTAGENA,Pret Sandwich Bistro Turbo,2,226400
2026-08-17,Medellín,11 MANILA,Cacerola Turbo,2,169700
2026-08-17,Bogotá,01 USAQUEN,Vicio Turbo,2,41800
2026-08-17,Bogotá,08 ANDES,House of Salads Turbo,2,59700
2026-08-17,Bogotá,69 ARRECIFE,Bottaniko Turbo,2,57700
2026-08-17,Bogotá,02 PARQUE 93,Casa Árabe Turbo,2,112600
2026-08-17,Bucaramanga,42 CABECERA,Pret Sandwich Bistro Turbo,2,57300
2026-08-17,Bogotá,65 CALLE 109,Foodology Court Turbo,2,114600
2026-08-17,Bogotá,65 CALLE 109,Mañanero Diario Turbo,2,167800
2026-08-17,Bogotá,71 CEDRITOS,Foodology Court Turbo,2,67400
2026-08-17,Medellín,12 LAURELES,La Casa Mexicana Turbo,2,83700
2026-08-17,Bogotá,08 ANDES,La Cuadra Desayunos Turbo,2,70700
2026-08-17,Bucaramanga,42 CABECERA,Desgranados & Co Turbo,2,67800
2026-08-17,Cali,46 INGENIO,The Egg Spot Turbo,2,85300
2026-08-17,Medellín,11 MANILA,Selvatiko Turbo,2,65000
2026-08-17,Bogotá,06 COLINA,Desgranados & Co Turbo,2,65800
2026-08-17,Bogotá,36 VILLA DEL PRADO,La Casa Mexicana Turbo,2,92500
2026-08-17,Bogotá,08 ANDES,Desayunos mi Tierrita Turbo,2,79200
2026-08-17,Bogotá,65 CALLE 109,Cacerola Turbo,2,145700
2026-08-17,Cali,22 SANTA MONICA,Monteverde Turbo,2,57000
2026-08-17,Bogotá,71 CEDRITOS,El Ejecutivo Turbo,2,90900
2026-08-17,Bucaramanga,42 CABECERA,La Casa Mexicana Turbo,2,132500
2026-08-17,Cartagena,33 CARTAGENA,House Of Burgers Turbo,2,76800
2026-08-17,Cartagena,33 CARTAGENA,BRUNCH & MUNCH TURBO,2,126100
2026-08-17,Bogotá,50 CHICO,House of Salads Turbo,2,90700
2026-08-17,Bogotá,06 COLINA,Burrito Cantina Turbo,2,60200
2026-08-17,Bogotá,71 CEDRITOS,The Egg Spot Turbo,2,201700
2026-08-17,Bogotá,03 CHAPINERO,Burrito Cantina Turbo,2,51700
2026-08-17,Cali,22 SANTA MONICA,Alba Vegetarian Turbo,2,43300
2026-08-17,Bogotá,01 USAQUEN,Pret Sandwich Bistro Turbo,2,74600
2026-08-17,Bogotá,71 CEDRITOS,Acpm Corrientazo Turbo,2,121400
2026-08-17,Bogotá,71 CEDRITOS,Señor Burrito Turbo,2,63500
2026-08-17,Medellín,11 MANILA,Burrito Cantina Turbo,2,84300
2026-08-17,Bogotá,65 CALLE 109,Casa Árabe Turbo,2,74700
2026-08-17,Cartagena,33 CARTAGENA,Señor Burrito Turbo,2,98900
2026-08-17,Bogotá,02 PARQUE 93,La Casa Mexicana Turbo,2,99800
2026-08-17,Cali,22 SANTA MONICA,Vicio Turbo,2,99000
2026-08-17,Bogotá,50 CHICO,Green House Turbo,2,50700
2026-08-17,Bogotá,01 USAQUEN,Alba Vegetarian Turbo,2,79000
2026-08-17,Cali,22 SANTA MONICA,Mr Beast Burger Turbo,2,43000
2026-08-17,Bogotá,38 KENNEDY,The Egg Spot Turbo,2,61400
2026-08-17,Bogotá,02 PARQUE 93,House Of Burgers Turbo,2,103400
2026-08-17,Bogotá,69 ARRECIFE,The Egg Spot Turbo,2,57900
2026-08-17,Bogotá,03 CHAPINERO,Alba Vegetarian Turbo,2,97900
2026-08-17,Cali,22 SANTA MONICA,La Casa Mexicana Turbo,2,78800
2026-08-17,Bogotá,08 ANDES,The Egg Spot Turbo,2,67900
2026-08-17,Medellín,11 MANILA,Mañanero Diario Turbo,2,225800
2026-08-17,Bogotá,69 ARRECIFE,Foodology Court Turbo,2,57400
2026-08-17,Bogotá,69 ARRECIFE,Burrito Cantina Turbo,2,41800
2026-08-17,Bogotá,03 CHAPINERO,Acpm Corrientazo Turbo,2,46400
2026-08-17,Bucaramanga,42 CABECERA,House of Salads Turbo,2,76300
2026-08-17,Bogotá,06 COLINA,Mañanero Diario Turbo,2,119300
2026-08-17,Cali,24 SAN FERNANDO,SAN JERÓNIMO TURBO,2,92000
2026-08-17,Bogotá,69 ARRECIFE,Desgranados & Co Turbo,2,63800
2026-08-17,Bogotá,06 COLINA,House of Salads Turbo,2,63600
2026-08-17,Cali,46 INGENIO,Bottaniko Turbo,2,83400
2026-08-17,Cali,24 SAN FERNANDO,El Jefe Turbo,2,83800
2026-08-17,Bogotá,06 COLINA,Acpm Corrientazo Turbo,2,83600
2026-08-17,Cali,22 SANTA MONICA,Desayunos mi Tierrita Turbo,1,25900
2026-08-17,Bogotá,38 KENNEDY,La Cuadra Desayunos Turbo,1,45600
2026-08-17,Bogotá,65 CALLE 109,La Cuadra Desayunos Turbo,1,17900
2026-08-17,Cali,46 INGENIO,Pret Sandwich Bistro Turbo,1,39800
2026-08-17,Barranquilla,32 BARRANQUILLA,Vicio Turbo,1,49500
2026-08-17,Cartagena,33 CARTAGENA,Vicio Turbo,1,49500
2026-08-17,Bogotá,08 ANDES,Vicio Turbo,1,38400
2026-08-17,Bogotá,36 VILLA DEL PRADO,The Egg Spot Turbo,1,96700
2026-08-17,Bogotá,50 CHICO,Burritos & Co Turbo,1,26800
2026-08-17,Bogotá,50 CHICO,Alba Vegetarian Turbo,1,26800
2026-08-17,Bogotá,36 VILLA DEL PRADO,Bottaniko Turbo,1,50400
2026-08-17,Bogotá,38 KENNEDY,Vicio Turbo,1,21800
2026-08-17,Bogotá,65 CALLE 109,Señor Burrito Turbo,1,94900
2026-08-17,Bogotá,71 CEDRITOS,Selvatiko Turbo,1,36500
2026-08-17,Cartagena,33 CARTAGENA,La Casa Mexicana Turbo,1,23900
2026-08-17,Cartagena,33 CARTAGENA,Almuerzos de la Casa Turbo,1,60900
2026-08-17,Bogotá,01 USAQUEN,Foodology Court Turbo,1,43800
2026-08-17,Barranquilla,32 BARRANQUILLA,House Of Burgers Turbo,1,44900
2026-08-17,Cali,24 SAN FERNANDO,Alba Vegetarian Turbo,1,39500
2026-08-17,Bogotá,38 KENNEDY,Numa Cocina Mediterranea - Turbo,1,49300
2026-08-17,Bogotá,03 CHAPINERO,Mañanero Diario Turbo,1,44500
2026-08-17,Cali,46 INGENIO,Acpm Corrientazo Turbo,1,71700
2026-08-17,Bogotá,38 KENNEDY,Desgranados & Co Turbo,1,41500
2026-08-17,Cali,22 SANTA MONICA,El Ejecutivo Turbo,1,89000
2026-08-17,Cali,46 INGENIO,Frost By Oreo Turbo,1,49500
2026-08-17,Bogotá,08 ANDES,Cacerola Turbo,1,116600
2026-08-17,Cali,24 SAN FERNANDO,Desayunos de la Abuela Turbo,1,40400
2026-08-17,Bogotá,08 ANDES,Bottaniko Turbo,1,28900
2026-08-17,Bogotá,36 VILLA DEL PRADO,El Jefe Turbo,1,41900
2026-08-17,Bogotá,01 USAQUEN,Frost By Oreo Turbo,1,25800
2026-08-17,Bogotá,01 USAQUEN,Acpm Corrientazo Turbo,1,26800
2026-08-17,Bogotá,65 CALLE 109,Desayunos mi Tierrita Turbo,1,36800
2026-08-17,Bogotá,36 VILLA DEL PRADO,Mañanero Diario Turbo,1,44300
2026-08-17,Cali,46 INGENIO,Vicio Turbo,1,30900
2026-08-17,Cali,46 INGENIO,La Casa Mexicana Turbo,1,31800
2026-08-17,Cali,22 SANTA MONICA,Ñamgucheria Turbo,1,25900
2026-08-17,Cartagena,33 CARTAGENA,Mañanero Diario Turbo,1,17000
2026-08-17,Barranquilla,32 BARRANQUILLA,House of Salads Turbo,1,78700
2026-08-17,Bogotá,71 CEDRITOS,Almuerzos de la Casa Turbo,1,47800
2026-08-17,Bogotá,38 KENNEDY,Alba Vegetarian Turbo,1,17900
2026-08-17,Bogotá,65 CALLE 109,House Of Burgers Turbo,1,61800
2026-08-17,Bogotá,06 COLINA,Foodology Court Turbo,1,21900
2026-08-17,Cali,22 SANTA MONICA,Frost By Oreo Turbo,1,101100
2026-08-17,Medellín,11 MANILA,La Cuadra Desayunos Turbo,1,99200
2026-08-17,Barranquilla,32 BARRANQUILLA,Mañanero Diario Turbo,1,62600
2026-08-17,Bogotá,06 COLINA,El Ejecutivo Turbo,1,56800
2026-08-17,Cartagena,33 CARTAGENA,Foodology Court Turbo,1,34500
2026-08-17,Bogotá,02 PARQUE 93,El Jefe Turbo,1,23500
2026-08-17,Bogotá,69 ARRECIFE,Desayunos mi Tierrita Turbo,1,22500
2026-08-17,Bogotá,03 CHAPINERO,El Ejecutivo Turbo,1,31300
2026-08-17,Bogotá,08 ANDES,SAN JERÓNIMO TURBO,1,34500
2026-08-17,Bogotá,02 PARQUE 93,Selvatiko Turbo,1,23900
2026-08-17,Bogotá,50 CHICO,Selvatiko Turbo,1,29500
2026-08-17,Bogotá,02 PARQUE 93,Almuerzos de la Casa Turbo,1,23900
2026-08-17,Cali,22 SANTA MONICA,Desgranados & Co Turbo,1,53800
2026-08-17,Bogotá,02 PARQUE 93,El Ejecutivo Turbo,1,35500
2026-08-17,Bogotá,50 CHICO,Frost By Oreo Turbo,1,25900
2026-08-17,Cali,22 SANTA MONICA,Almuerzos de la Casa Turbo,1,39900
2026-08-17,Bogotá,50 CHICO,Pret Sandwich Bistro Turbo,1,26900
2026-08-17,Bogotá,36 VILLA DEL PRADO,Desayunos mi Tierrita Turbo,1,22500
2026-08-17,Bogotá,01 USAQUEN,House Of Burgers Turbo,1,44900
2026-08-17,Cali,46 INGENIO,The Breakfast Club Turbo,1,58900
2026-08-17,Bogotá,38 KENNEDY,Desayunos mi Tierrita Turbo,1,45700
2026-08-17,Cali,22 SANTA MONICA,Acpm Corrientazo Turbo,1,23900
2026-08-17,Bogotá,02 PARQUE 93,The Breakfast Club Turbo,1,37800
2026-08-17,Cali,22 SANTA MONICA,Mañanero Diario Turbo,1,27800
2026-08-17,Bogotá,06 COLINA,House Of Burgers Turbo,1,49700
2026-08-17,Bogotá,06 COLINA,Almuerzos de la Casa Turbo,1,23900
2026-08-17,Bogotá,69 ARRECIFE,BRUNCH & MUNCH TURBO,1,51800
2026-08-17,Cali,22 SANTA MONICA,House Of Burgers Turbo,1,38800
2026-08-17,Bogotá,38 KENNEDY,Cacerola Turbo,1,62700
2026-08-17,Bogotá,06 COLINA,Desayunos mi Tierrita Turbo,1,44500
2026-08-17,Bogotá,06 COLINA,Alba Vegetarian Turbo,1,33400
2026-08-17,Cali,24 SAN FERNANDO,Selvatiko Turbo,1,42800
2026-08-17,Cali,24 SAN FERNANDO,The Breakfast Club Turbo,1,34500
2026-08-17,Bogotá,69 ARRECIFE,Vicio Turbo,1,32700
2026-08-17,Cali,22 SANTA MONICA,SAN JERÓNIMO TURBO,1,34500
2026-08-17,Bogotá,36 VILLA DEL PRADO,Selvatiko Turbo,1,29500
2026-08-17,Barranquilla,32 BARRANQUILLA,Cacerola Turbo,1,62800
2026-08-17,Bogotá,71 CEDRITOS,La Casa Mexicana Turbo,1,21900
2026-08-17,Bogotá,69 ARRECIFE,Desayunos de la Abuela Turbo,1,53400
2026-08-17,Bogotá,71 CEDRITOS,Desayunos mi Tierrita Turbo,1,49300
2026-08-17,Bogotá,69 ARRECIFE,Doritos Locos By Dorito Turbo,1,32900
2026-08-17,Bogotá,36 VILLA DEL PRADO,Señor Burrito Turbo,1,98700
2026-08-17,Bogotá,03 CHAPINERO,Casa Árabe Turbo,1,55800
2026-08-17,Bogotá,06 COLINA,Bottaniko Turbo,1,48700
2026-08-17,Bogotá,02 PARQUE 93,Bottaniko Turbo,1,24500
2026-08-17,Bogotá,38 KENNEDY,Bottaniko Turbo,1,55400
2026-08-17,Bogotá,06 COLINA,Cacerola Turbo,1,54800
2026-08-17,Bogotá,08 ANDES,Selvatiko Turbo,1,47400
